Open,High,Low,Volume,Close
0.92,0.9237,0.92,132918,0.9226
0.9252,0.9334,0.9052,266852,0.92
0.9114,0.935,0.8981,248028,0.9252
0.9941,0.9966,0.8964,283545,0.9115
0.9538,1.0167,0.9372,220148,0.9941
0.9466,0.9738,0.923,97602.60156,0.9537
0.8799,0.961,0.8527,177716,0.9467
0.835,0.915,0.8241,109157,0.8798
0.8263,0.8485,0.819,119296,0.835
0.7967,0.8347,0.791,117399,0.8262
0.8053,0.8322,0.7754,130602,0.7966
0.8262,0.8364,0.8028,47671.69922,0.8051
0.8102,0.84,0.777,91331.60156,0.8262
0.782,0.8214,0.7717,51886.39844,0.8103
0.8394,0.8444,0.7601,100635,0.7818
0.8391,0.8572,0.8088,44187,0.8393
0.7992,0.8445,0.7844,40633.60156,0.8392
0.8583,0.8829,0.7914,56500.19922,0.7992
0.8623,0.9361,0.8319,182599,0.8583
0.8154,0.8844,0.8026,85735.29688,0.8622
0.8256,0.8467,0.8042,108619,0.8154
0.8045,0.8303,0.7485,84237,0.8255
0.8452,0.862,0.769,276919,0.8045
0.9211,0.9245,0.6,150652,0.8449
0.9715,0.9838,0.89,438776,0.9211
0.9898,0.9901,0.9545,228445,0.9716
0.9984,1.0173,0.9799,183102,0.9899
0.9899,1.0304,0.97,283962,0.9983
0.9687,1.0019,0.9631,543764,0.9898
0.9453,0.9692,0.8825,723077,0.9687
0.9392,0.9656,0.9336,491984,0.9452
1.0439,1.0467,0.9108,433301,0.9394
1.0325,1.0647,1.0215,150995,1.0438
1.0662,1.0735,1.0068,217183,1.0326
1.0354,1.0715,1.0192,117740,1.0661
1.0571,1.071,1.0251,250643,1.0354
1.0965,1.0974,1.0544,184970,1.0569
1.0892,1.1015,1.0594,138511,1.0965
1.0406,1.103,1.0174,124575,1.0892
1.0953,1.17,1.015,98540.20313,1.0406
1.0877,1.113,1.0588,101095,1.0953
1.172,1.1721,1.0418,168532,1.0877
1.1879,1.2198,1.1651,148555,1.172
1.1894,1.1995,1.1675,68524.5,1.1879
1.1884,1.2039,1.167,77662.89844,1.1892
1.2142,1.2332,1.1542,111370,1.1883
1.1902,1.2544,1.1764,94992.60156,1.2142
1.2572,1.3493,1.1174,69553.89844,1.1902
1.2815,1.2884,1.2245,89099.20313,1.2571
1.2198,1.296,1.2192,116666,1.2815
1.1511,1.2374,1.1451,65375.10156,1.2198
1.1581,1.1828,1.1,122049,1.151
1.2004,1.2015,1.1311,100284,1.1581
1.21,1.2574,1.1604,136205,1.2004
1.1348,1.2363,1.1255,353430,1.2101
1.0916,1.1468,1.0851,503684,1.1349
1.1128,1.1321,1.069,348336,1.0915
1.0845,1.1544,1.0689,169471,1.1128
1.0825,1.1169,1.0611,116853,1.0846
1.058,1.0903,1.0409,243140,1.0825
0.9951,1.0816,0.981,262049,1.0579
1.1076,1.1248,0.9483,274946,0.995
1.0951,1.1606,1.0905,292547,1.1075
1.0821,1.1034,1.0778,182887,1.0951
1.0935,1.0961,1.0522,125320,1.0821
1.0885,1.1018,1.0763,111827,1.0934
1.0885,1.1288,1.0739,141903,1.0885
1.1451,1.164,1.0851,272756,1.0886
1.0911,1.1529,1.0868,79829.60156,1.1455
1.0827,1.1009,1.0661,111065,1.0911
1.0943,1.1064,1.0642,145177,1.0827
1.1343,1.1407,1.0172,101031,1.0944
1.1415,1.1869,1.13,144327,1.1343
1.1335,1.1656,1.0914,234647,1.1413
1.1277,1.16,1.1174,94390.70313,1.1336
1.1017,1.1387,1.075,76410.70313,1.1275
1.1363,1.1364,1.0634,88303.5,1.1018
1.1352,1.182,1.1017,87502,1.1364
1.1604,1.23,1.1262,72350.89844,1.1352
1.0636,1.2089,1.0565,80846.79688,1.1604
1.0677,1.0927,1.0539,132234,1.0636
1.0766,1.0942,1.0423,114580,1.0678
1.084,1.1081,1.0171,89506.20313,1.0765
1.0429,1.088,1.038,99815.39844,1.0839
1.0552,1.0596,1.0059,182760,1.0425
1.0359,1.0884,1.021,82703.29688,1.0552
1.0422,1.0733,1.0079,72243.5,1.0359
0.9535,1.0695,0.9443,108222,1.0422
0.9266,0.964,0.9217,98273.29688,0.9533
0.8928,0.9941,0.8861,286655,0.9268
0.9217,0.9431,0.8903,141302,0.8928
0.9436,0.9818,0.9194,118268,0.9218
0.9399,0.9567,0.8915,81315.89844,0.9436
0.9442,0.9577,0.9163,113086,0.94
1.0016,1.0027,0.8858,179315,0.944
1.0033,1.017,0.9676,191411,1.0016
0.874,1.0094,0.8679,125364,1.0033
0.9216,0.9593,0.8582,246829,0.8743
1.0483,1.0497,0.8738,219724,0.9216
1.0752,1.0837,1.0383,270668,1.0483
1.0663,1.0952,1.0562,308396,1.0751
1.0903,1.1025,1.0509,268279,1.0661
1.1207,1.13,1.0662,218797,1.0902
1.0962,1.13,1.0784,153437,1.1207
1.0644,1.0978,1.0566,186620,1.0963
1.1181,1.1266,1.025,168193,1.0643
1.0788,1.1276,1.0576,120274,1.1181
1.0552,1.12,1.0503,151671,1.0787
1.0868,1.245,1.03,158829,1.0552
1.0999,1.1377,1.0619,129058,1.0868
1.129,1.148,1.0133,280005,1.0998
1.3894,1.3922,0.9524,173065,1.1292
1.3075,1.4151,1.3065,166282,1.3894
1.2548,1.3125,1.2361,156820,1.3076
1.2906,1.2972,1.2352,123269,1.2548
1.2533,1.3235,1.2189,132403,1.2907
1.2362,1.295,1.2216,149855,1.2533
1.1856,1.2384,1.158,291633,1.2362
1.1005,1.2441,1.0907,253082,1.1856
1.1408,1.1488,1.0946,171739,1.1002
1.1458,1.1683,1.112,362626,1.1408
1.1918,1.198,1.1329,239591,1.1459
1.0713,1.1926,1.0501,137822,1.1918
1.1735,1.1866,1.0636,205229,1.0712
1.1353,1.1779,1.1073,122748,1.1735
1.2456,1.2658,1.1212,126179,1.1353
1.2258,1.3046,1.2024,81632.39844,1.2457
1.2158,1.2557,1.1776,95657.39844,1.226
1.2629,1.2835,1.2,84412.70313,1.2158
1.2347,1.2897,1.1992,83902.20313,1.2629
1.143,1.2355,1.0895,82093.5,1.2347
1.098,1.1963,1.0501,65139.89844,1.1431
1.1855,1.2479,1.085,61823.89844,1.0978
1.2838,1.3288,1.1432,113844,1.1855
1.2788,1.35,1.2252,65893.60156,1.2839
1.0901,1.31,1.0691,86073.39844,1.2791
0.9661,1.0968,0.9501,65376.69922,1.0901
1.0106,1.045,0.9222,68251.89844,0.966
0.8511,1.0906,0.848,116352,1.0105
0.8169,0.8622,0.8,66784.60156,0.8511
0.7788,0.8279,0.7596,121420,0.817
0.8163,0.8413,0.7717,81875.60156,0.7788
0.7474,0.8189,0.7411,58972,0.8162
0.7327,0.753,0.7219,92058.5,0.7474
0.731,0.7389,0.701,63787.30078,0.7327
0.7136,0.7398,0.6952,104550,0.731
0.738,0.745,0.7008,59154.30078,0.7136
0.7242,0.774,0.715,63033.60156,0.738
0.7461,0.7778,0.7042,60842,0.7242
0.7522,0.7591,0.7367,47857.89844,0.746
0.7488,0.7697,0.7115,86281.10156,0.7521
0.7327,0.7665,0.697,50962.80078,0.7488
0.645,0.7549,0.6308,63726.69922,0.7327
0.6234,0.6528,0.6121,97123.60156,0.6451
0.6069,0.6793,0.6048,52867.30078,0.6234
0.6085,0.6118,0.5906,54596.10156,0.6069
0.6092,0.6205,0.5996,37576.60156,0.6085
0.592,0.6101,0.5753,141319,0.6091
0.5718,0.6033,0.5609,82388.5,0.592
0.5284,0.584,0.5193,23967.099609375,0.5719
0.557,0.5699,0.5157,48426.5,0.5284
0.5867,0.5889,0.5533,37303.39844,0.557
0.5822,0.6016,0.571,33871.69922,0.5866
0.5893,0.5977,0.56,26877.19922,0.5821
0.5979,0.6211,0.5874,40900.19922,0.5893
0.6196,0.6269,0.5874,42252.89844,0.5979
0.6193,0.625,0.5851,25458.30078,0.6197
0.6288,0.6426,0.6086,28528.19922,0.6192
0.6363,0.6575,0.6172,29986.5,0.6288
0.6246,0.6449,0.6169,40713,0.6364
0.6369,0.6489,0.612,44247.30078,0.6246
0.6214,0.6457,0.5917,67836.29688,0.6369
0.6521,0.6545,0.6108,30147.19922,0.6215
0.6648,0.674,0.65,75047.20313,0.6522
0.6526,0.68,0.6511,41142.5,0.6648
0.696,0.697,0.6444,65337.80078,0.6526
0.6733,0.7091,0.6655,31335.5,0.696
0.6557,0.6849,0.6433,27106.900390625,0.6732
0.6592,0.6676,0.6329,152764,0.6556
0.7062,0.7064,0.644,49911.80078,0.6591
0.7062,0.7145,0.6477,25761,0.7063
0.6444,0.734,0.6417,23231.69922,0.7063
0.6483,0.6583,0.6238,34457.80078,0.6444
0.6163,0.6523,0.5963,26876.5,0.6484
0.611,0.6329,0.5814,31246.69922,0.6162
0.6731,0.6889,0.6019,29693.80078,0.6111
0.6383,0.6928,0.6163,84303.39844,0.6731
0.5468,0.6655,0.5203,29237,0.6383
0.6068,0.65,0.509,10861.099609375,0.5468
0.7741,0.7803,0.6037,17669.900390625,0.6067
0.7583,0.785,0.6968,17081.30078,0.7741
0.7971,0.8055,0.7557,14933.099609375,0.7582
0.8419,0.845,0.7687,78718.10156,0.7972
0.8319,0.8612,0.8234,21321.5,0.8419
0.8663,0.8733,0.8259,26152.80078,0.832
0.8905,0.9017,0.8551,18051.80078,0.8663
0.8833,0.93,0.8628,45854.60156,0.8906
0.8325,0.8883,0.817,18704.400390625,0.8832
0.8469,0.8479,0.8054,21887.900390625,0.8326
0.8686,0.88,0.8335,36453.19922,0.8471
0.9218,0.9298,0.8522,28887.19922,0.8686
0.873,0.9218,0.83,18125.19922,0.9218
0.8619,0.8861,0.7838,22967.30078,0.8731
0.9469,0.976,0.838,16403.900390625,0.8618
0.923,0.9493,0.917,17427.69922,0.947
0.9683,0.9973,0.8921,13826.900390625,0.923
1.0453,1.0466,0.9156,23997.5,0.9683
1.0241,1.0789,1.0069,41021.80078,1.045
1.0108,1.0498,0.9793,33391.60156,1.0241
1.0409,1.1,0.9742,17760.30078,1.0108
0.9058,1.0495,0.8789,16495.099609375,1.0409
0.8319,0.9337,0.7974,12708,0.9058
0.8985,0.9413,0.7911,24431.80078,0.8318
0.9747,0.9847,0.8445,19493,0.8985
1.0316,1.0423,0.9322,25039.30078,0.9747
0.9747,1.0698,0.9461,64962.5,1.0316
0.9934,1.07,0.8791,53937.39844,0.9746
0.7899,0.997,0.7537,35090.30078,0.993
0.9052,0.9679,0.65,98085.89844,0.7898
1.0062,1.0162,0.816,117333,0.9052
1.1802,1.2194,0.8641,72362.39844,1.0062
1.0565,1.2664,0.9,57426.10156,1.1795
1.5893,1.6448,0.85,37598.19922,1.0568
1.4952,1.705,1.4698,24999.80078,1.5889
1.4496,1.565,1.3242,34883.60156,1.4946
1.4911,1.6131,1.3373,42365.60156,1.4496
1.3998,1.5869,1.3211,29438.19922,1.4904
1.3644,1.4488,1.321,35008.30078,1.4
1.269,1.389,1.2,34746.5,1.364
1.4788,1.547,1.235,21150.30078,1.2691
1.391,1.4905,1.3555,18235.30078,1.4786
1.5343,1.627,1.214,15356.7998046875,1.3906
1.5611,1.5968,1.4249,23213.19922,1.5345
1.5795,1.6277,1.5404,12931.900390625,1.5611
1.6028,1.695,1.505,12038.2001953125,1.5793
1.6137,1.7658,1.521,15632.2998046875,1.6028
1.3878,1.624,1.366,20845.099609375,1.6133
1.5546,1.558,1.32,14019,1.3877
1.5605,1.6216,1.47,14482.599609375,1.5546
1.651,1.658,1.525,12834.2001953125,1.5605
1.5989,1.6666,1.5226,11861.099609375,1.651
1.3978,1.6397,1.3745,17059.80078,1.5988
1.3576,1.42,1.3263,8073.660156,1.3978
1.4017,1.4492,1.2814,10021.099609375,1.3576
1.3629,1.462,1.3284,15642.7001953125,1.4017
1.0353,1.375,1.0133,12268.900390625,1.3629
1.04971,1.156,0.9418,16130,1.0351
1.17019,1.172,1.01753,24533.30078,1.04833
1.15489,1.19724,0.88601,29143.69922,1.17073
1.2911,1.41947,1.0859,17843.5,1.15489
1.385,1.4645,1.27545,16093,1.29097
1.30941,1.44796,1.18,27625.19922,1.38501
1.40797,1.5339,1.251,21911,1.30945
1.53988,1.56505,1.16,10211.2001953125,1.40797
1.54805,1.74163,1.52991,17050.5,1.53896
1.75781,1.81041,1.42,16725.400390625,1.54805
1.83396,1.885,1.65243,11397.2001953125,1.75781
1.79607,1.96689,1.56001,19735.80078,1.83468
1.4685,1.88888,1.41778,13745.7001953125,1.79611
1.35118,1.475,1.31804,14473.2998046875,1.46843
1.37215,1.5,1.305,12075,1.35118
1.01754,1.399,1.00617,11615,1.3728
1.05571,1.0849,0.9808,12602.900390625,1.01721
0.91544,1.07294,0.90128,14973.2998046875,1.05599
1.09666,1.10882,0.856,23084.900390625,0.91542
0.91584,1.119,0.7931,25485.69922,1.09663
0.63501,0.93999,0.6194,12966.400390625,0.91584
0.57836,0.63599,0.56591,19546,0.635
0.60701,0.64262,0.573,13141.2998046875,0.57831
0.57061,0.61,0.56522,8800.6201171875,0.60701
0.5698,0.59555,0.54864,16775.30078,0.57087
0.56207,0.57682,0.52624,33557.69922,0.56982
0.56528,0.588,0.55903,35328.60156,0.5621
0.5455,0.57082,0.54317,23535.69922,0.56538
0.54735,0.56075,0.53879,14275,0.54552
0.56348,0.57464,0.5342,28371.400390625,0.54752
0.51034,0.57689,0.50999,82507.20313,0.56357
0.48022,0.5248,0.454,77990.70313,0.51058
0.54945,0.56302,0.45212,33339.80078,0.48021
0.54403,0.59638,0.5378,31163,0.5498
0.51661,0.6,0.50082,36993.80078,0.5441
0.52584,0.54691,0.49508,68061.70313,0.51651
0.4665,0.54999,0.46424,23254.599609375,0.52613
0.46899,0.47536,0.45848,67914.79688,0.46651
0.46993,0.4905,0.46558,23029,0.46893
0.46037,0.48245,0.45317,21345,0.4698
0.43566,0.52221,0.42723,45237.60156,0.46024
0.439,0.44815,0.42268,77668.29688,0.43574
0.45786,0.46155,0.43857,25259.400390625,0.43905
0.43934,0.46646,0.43205,39107.10156,0.45787
0.45187,0.46488,0.42205,110877,0.43934
0.4617,0.46427,0.44058,182299,0.45187
0.48481,0.4887,0.4545,95829.5,0.46155
0.47413,0.48736,0.471,62621.19922,0.4849
0.46579,0.48987,0.45505,56953.39844,0.47412
0.46292,0.4689,0.45641,83440.89844,0.46558
0.45441,0.4765,0.44901,70322.20313,0.46285
0.4812,0.48488,0.44575,110309,0.45457
0.44841,0.49449,0.43411,61110.5,0.48096
0.43572,0.46869,0.43011,51858,0.44846
0.44537,0.45532,0.42159,52046.69922,0.4357
0.4157,0.454,0.41207,28023.19922,0.44537
0.43586,0.43876,0.39268,61605.19922,0.41565
0.42794,0.45945,0.42681,108985,0.43589
0.43599,0.45067,0.41111,45633.89844,0.42788
0.46864,0.48233,0.4244,52143.5,0.43601
0.4758,0.49999,0.4512,98536.39844,0.4686
0.56637,0.57172,0.365,44427.19922,0.47579
0.54468,0.65155,0.51,42036.39844,0.56646
0.5115,0.55858,0.50311,74210.20313,0.54468
0.56478,0.58235,0.47231,58609.19922,0.51167
0.53217,0.58195,0.5131,108069,0.56465
0.5346,0.55995,0.51901,216122,0.53204
0.5198,0.55751,0.49336,119203,0.53467
0.54987,0.58005,0.48111,88831.29688,0.51995
0.59217,0.6043,0.50891,139293,0.54976
0.63309,0.63981,0.56111,128977,0.59211
0.609,0.64244,0.54306,143439,0.63309
0.52824,0.61922,0.51871,38050.89844,0.609
0.50422,0.53545,0.49982,95347.10156,0.52806
0.47637,0.54224,0.45,33420.60156,0.50429
0.45098,0.49,0.44901,24374.099609375,0.47636
0.41848,0.4692,0.4125,67090.70313,0.45099
0.44307,0.45089,0.39123,45289,0.41849
0.45195,0.45688,0.42,22664.80078,0.44307
0.44535,0.47222,0.4241,66159.39844,0.45219
0.39721,0.48159,0.37885,37451.60156,0.44545
0.37254,0.419,0.37254,21973.900390625,0.39721
0.37123,0.41123,0.3401,42961.60156,0.37254
0.49516,0.755,0.35928,27204.69922,0.37106
0.44369,0.51,0.385,39375.19922,0.49507
0.2829,0.5178,0.278,15323.099609375,0.44372
0.26413,0.31724,0.25915,28004.69922,0.2829
0.25058,0.27,0.24699,101360,0.26407
0.26837,0.26871,0.24388,29955.5,0.25039
0.26751,0.27095,0.258,45473.80078,0.26834
0.27335,0.285,0.26679,18883.099609375,0.26757
0.27169,0.27798,0.26804,77247.89844,0.27339
0.27216,0.28356,0.26545,19953.69922,0.27167
0.26786,0.27826,0.24021,26268.30078,0.27217
0.29553,0.30797,0.25992,97889.70313,0.26802
0.29395,0.31184,0.28,29028.80078,0.29539
0.28529,0.33,0.28396,29588.80078,0.29396
0.27741,0.28875,0.27144,13569.5,0.28528
0.2792,0.28572,0.26846,12363.2001953125,0.27746
0.27987,0.29666,0.27503,13646.2998046875,0.27924
0.29648,0.30337,0.261,19413.80078,0.27991
0.3057,0.309,0.28334,22379.099609375,0.29642
0.29241,0.31,0.2848,29927.80078,0.30582
0.28742,0.31003,0.27743,29402.900390625,0.29254
0.31487,0.31627,0.25343,13966.900390625,0.28743
0.32419,0.368,0.28708,33578.89844,0.31491
0.32049,0.3395,0.30523,25841.900390625,0.32419
0.32389,0.3467,0.28487,40270.10156,0.32032
0.24856,0.37,0.2453,27611.80078,0.32389
0.22577,0.2745,0.22139,22339.900390625,0.24854
0.23568,0.24269,0.21774,24386.19922,0.22573
0.2254,0.26091,0.218,36937.10156,0.23565
0.22064,0.23852,0.215,48492,0.2254
0.2374,0.23823,0.21084,38551.80078,0.22064
0.21953,0.25,0.216,66439.5,0.23746
0.21133,0.22949,0.20521,64156.60156,0.21959
0.22142,0.23665,0.19186,62289.60156,0.21138
0.24832,0.25167,0.17351,110387,0.22142
0.28401,0.31,0.2341,52852.30078,0.24845
0.29484,0.312,0.266,28017.099609375,0.28407
0.3179,0.32723,0.28303,12798.5,0.29481
0.33865,0.3855,0.2797,28042.30078,0.31768
0.2605,0.3778,0.24003,32410.80078,0.33863
0.44636,0.44842,0.21164,44220.30078,0.2605
0.51469,0.52213,0.40215,29630.099609375,0.44642
0.55576,0.56935,0.49825,29579.599609375,0.51445
0.57692,0.58658,0.5287,16704.599609375,0.55586
0.58335,0.60377,0.56588,44096.10156,0.57666
0.57685,0.61346,0.55101,21924,0.58337
0.56938,0.65852,0.5358,42022.10156,0.5769
0.46793,0.57477,0.43722,20467.80078,0.56941
0.49737,0.50715,0.46433,27085.900390625,0.46793
0.51366,0.51852,0.48901,33178.19922,0.4974
0.50658,0.5278,0.4855,61551.80078,0.51365
0.54847,0.55102,0.48521,60900.80078,0.50658
0.57267,0.58697,0.52594,60436.5,0.54945
0.58284,0.58848,0.55318,84616.60156,0.57267
0.55897,0.60544,0.50383,18563,0.58265
0.60822,0.61048,0.55,39600.60156,0.5589
0.62096,0.624,0.59084,37696.80078,0.60818
0.58516,0.62801,0.57907,38192.60156,0.62107
0.55355,0.59628,0.54833,25286.400390625,0.58517
0.63046,0.6342,0.54253,27099.69922,0.55367
0.62969,0.6418,0.6149,47598.69922,0.63046
0.6113,0.6368,0.59455,35109.69922,0.62972
0.66378,0.681,0.56401,18521,0.61088
0.60543,0.6791,0.59881,36206,0.66417
0.62573,0.637,0.58285,46905.89844,0.60543
0.5625,0.64888,0.5387,20025.599609375,0.62579
0.53649,0.58669,0.50345,24144.5,0.5623
0.63024,0.652,0.456,34150.60156,0.53654
0.69399,0.725,0.58405,30721.599609375,0.63022
0.61562,0.78068,0.56777,20285.900390625,0.694
0.44592,0.61984,0.43232,27928.599609375,0.61579
0.46283,0.49659,0.40155,25068.400390625,0.44611
0.32993,0.4695,0.32929,35450.19922,0.46283
0.30356,0.33091,0.29679,38115.80078,0.32991
0.29333,0.30659,0.284,20585.69922,0.30358
0.30247,0.30818,0.28055,16985.900390625,0.29335
0.28814,0.305,0.28722,23017.19922,0.30247
0.26957,0.28998,0.26737,19161.400390625,0.28813
0.26829,0.27677,0.26405,9822.589844,0.26954
0.26587,0.2777,0.26128,21263.30078,0.26824
0.2549,0.2659,0.2535,33775.69922,0.2659
0.25581,0.25818,0.2525,15739.400390625,0.2549
0.25379,0.26,0.25209,19412.69922,0.25581
0.25058,0.265,0.24806,32530.099609375,0.2538
0.25368,0.2562,0.24557,31812.19922,0.25059
0.24913,0.25701,0.24724,18727.69922,0.25374
0.2586,0.26733,0.24419,66011.70313,0.2491
0.24569,0.2614,0.24508,17500.30078,0.25863
0.23759,0.24743,0.23712,13521.2001953125,0.24561
0.2396,0.24045,0.23213,20020.5,0.23758
0.23526,0.24425,0.22772,13228.7998046875,0.2396
0.23999,0.2452,0.23264,10526.099609375,0.23523
0.2396,0.24138,0.23648,15684.599609375,0.23999
0.23906,0.24351,0.23743,15024.099609375,0.23968
0.24232,0.24402,0.23057,22419.599609375,0.23905
0.2454,0.24702,0.2396,44362.5,0.24239
0.25273,0.25666,0.2444,28611.599609375,0.2454
0.24811,0.25398,0.24743,36815.19922,0.25273
0.25313,0.2591,0.24341,17107.900390625,0.2481
0.2562,0.25714,0.25105,28010.80078,0.25313
0.25472,0.25763,0.25253,19208.69922,0.2562
0.25703,0.25921,0.25005,18317.599609375,0.25471
0.2508,0.26357,0.25077,31583.099609375,0.25709
0.24324,0.25555,0.24249,23624.19922,0.25088
0.24557,0.25039,0.2411,18355.80078,0.24322
0.2422,0.24945,0.24011,17851.80078,0.24558
0.24059,0.24362,0.24005,47982.10156,0.24221
0.24014,0.24329,0.23853,58236.30078,0.24057
0.24584,0.24787,0.2375,41078,0.24011
0.24906,0.25014,0.24287,23130.30078,0.24596
0.25658,0.2584,0.24593,31531.69922,0.24906
0.25602,0.25997,0.25267,179684,0.2565
0.25545,0.25826,0.24732,128615,0.25603
0.25401,0.25842,0.25321,58680.30078,0.25544
0.25293,0.26071,0.25265,101826,0.25402
0.25141,0.25665,0.24935,33306.89844,0.25293
0.24871,0.25297,0.24206,69220.5,0.25141
0.24549,0.25141,0.24077,51924.89844,0.2487
0.25034,0.25932,0.24021,51259.69922,0.24545
0.24794,0.25442,0.24628,49539.60156,0.2503
0.23274,0.25024,0.23159,49050.80078,0.24794
0.23387,0.23499,0.23254,64262.69922,0.23273
0.23813,0.23937,0.22829,45312,0.23386
0.24172,0.24452,0.23372,32718,0.23819
0.24286,0.24289,0.2375,35405.80078,0.24171
0.2411,0.24662,0.2383,69637.10156,0.24285
0.24329,0.24851,0.23979,40345.19922,0.24107
0.24147,0.24474,0.23729,22258.19922,0.24334
0.24154,0.24568,0.23764,31061.69922,0.24153
0.23277,0.24477,0.2295,77453.70313,0.24154
0.22164,0.23401,0.21944,32249,0.23276
0.23301,0.2352,0.22017,18296.099609375,0.22164
0.23104,0.23459,0.22916,22233.30078,0.23302
0.24657,0.24809,0.22915,24894.5,0.23102
0.25112,0.25125,0.2423,30003.599609375,0.24652
0.25065,0.25497,0.24733,19851.30078,0.25112
0.25208,0.25522,0.2463,20464,0.25065
0.24682,0.2586,0.24601,13803.7998046875,0.25214
0.24331,0.25117,0.2341,17632.69922,0.24686
0.24562,0.2494,0.24225,26802.30078,0.24331
0.24214,0.2484,0.23901,19212.599609375,0.24564
0.24749,0.2535,0.23757,25003.099609375,0.24218
0.24252,0.24879,0.24019,20837.80078,0.24752
0.24302,0.2444,0.23683,14903.5,0.24252
0.239,0.24871,0.23878,23331.5,0.24302
0.23658,0.24278,0.23303,46479.10156,0.23901
0.24202,0.24365,0.2312,19215,0.23657
0.23987,0.24292,0.22962,25292.30078,0.24198
0.23737,0.24358,0.22937,21998.400390625,0.23986
0.25385,0.25951,0.231,18133.099609375,0.23738
0.24404,0.26582,0.24012,61608.89844,0.25385
0.27594,0.2765,0.238,40322.10156,0.24409
0.29515,0.304,0.2622,42560.5,0.27595
0.28115,0.29884,0.27574,63098,0.29521
0.28302,0.2845,0.27804,12727.099609375,0.28115
0.27375,0.28389,0.27375,13090.2001953125,0.28302
0.27166,0.27685,0.26865,23344.5,0.2738
0.26478,0.2732,0.26,10323.099609375,0.27174
0.27645,0.27833,0.25453,20004.19922,0.26469
0.27628,0.28078,0.2739,26708.099609375,0.27653
0.2884,0.28959,0.27,16085.2001953125,0.27625
0.2848,0.292,0.28224,72673.89844,0.2884
0.28589,0.28808,0.27698,39061.89844,0.2848
0.27935,0.28663,0.2733,15986.2998046875,0.28592
0.29217,0.29585,0.27671,22851.099609375,0.27933
0.28969,0.29465,0.28431,18911.900390625,0.29218
0.3025,0.30616,0.27809,91651.79688,0.28975
0.31535,0.32156,0.29614,27171.599609375,0.30251
0.3046,0.32689,0.29702,24587.5,0.31539
0.2989,0.3048,0.29186,15751.7001953125,0.30455
0.29995,0.30537,0.2907,7905.22998046875,0.29884
0.2942,0.3073,0.28918,17442.900390625,0.29995
0.28233,0.29561,0.27243,13030.7001953125,0.2942
0.28308,0.28737,0.27139,19952.900390625,0.28233
0.29468,0.30736,0.26727,28190.69922,0.2831
0.28792,0.30008,0.28301,20220.900390625,0.29469
0.29532,0.29839,0.28215,12721.7001953125,0.2879
0.29444,0.2987,0.2898,33411,0.29527
0.30309,0.31037,0.27936,17245.099609375,0.29437
0.30233,0.31126,0.29722,20881,0.30311
0.30137,0.30813,0.2908,20717.19922,0.30228
0.31008,0.31926,0.29038,26748.5,0.30138
0.28809,0.31999,0.28357,35622,0.31016
0.29089,0.32628,0.2476,25424.099609375,0.28803
0.25938,0.29739,0.25557,10726.2001953125,0.29089
0.24407,0.26042,0.24158,30648.599609375,0.25939
0.24323,0.24954,0.233,36344,0.24408
0.23031,0.25,0.22919,21248.80078,0.24327
0.22445,0.23476,0.217,14927.099609375,0.23029
0.21528,0.23,0.20861,23478.30078,0.22437
0.21462,0.22499,0.21255,21783.099609375,0.21532
0.20393,0.21756,0.2035,28219.400390625,0.21463
0.20847,0.20855,0.20189,20914.099609375,0.20392
0.20351,0.21584,0.20142,23061.19922,0.20851
0.19946,0.20441,0.196,41102,0.20348
0.19465,0.201,0.19386,45552.89844,0.19949
0.19961,0.20019,0.19194,66360.10156,0.19465
0.19989,0.20205,0.19574,19924.19922,0.19956
0.19441,0.20203,0.19392,27613.5,0.1999
0.19447,0.19824,0.19125,45682.5,0.1944
0.19722,0.19756,0.18822,71240.89844,0.19444
0.19908,0.1999,0.19635,81510.20313,0.19721
0.19866,0.19978,0.195,18894.30078,0.19909
0.20122,0.2066,0.191,17578.19922,0.19867
0.20112,0.20401,0.19758,15747.599609375,0.20128
0.19906,0.20482,0.19792,50505.60156,0.2011
0.20263,0.20272,0.19252,33642.30078,0.19909
0.20544,0.21186,0.19667,30023.80078,0.20263
0.18508,0.20669,0.18382,39549.39844,0.20551
0.18876,0.18969,0.18312,46396.89844,0.18508
0.17691,0.18934,0.17644,25507.599609375,0.18875
0.1781,0.1788,0.17372,22033.30078,0.17695
0.17618,0.17964,0.17593,23747.19922,0.17808
0.17476,0.17865,0.1743,15841.099609375,0.1762
0.17645,0.1777,0.172,11601.2998046875,0.17477
0.17533,0.17814,0.17373,19508.400390625,0.17647
0.17737,0.17775,0.17487,23985.599609375,0.17533
0.17694,0.17939,0.17487,9764.4599609375,0.17726
0.1751,0.17983,0.17337,29577.099609375,0.17693
0.18247,0.1835,0.169,8344.6396484375,0.17509
0.18156,0.18694,0.17848,7899.56982421875,0.18249
0.18344,0.18414,0.17849,13449.099609375,0.18156
0.18889,0.19016,0.1799,18839.30078,0.18348
0.18933,0.19042,0.18831,29751.30078,0.18889
0.18602,0.19051,0.18569,30667.599609375,0.18928
0.18793,0.18848,0.18565,14046,0.18602
0.18724,0.18897,0.18488,14275.599609375,0.18792
0.18975,0.19036,0.18658,30651.900390625,0.18722
0.19315,0.19325,0.18802,20745.69922,0.18975
0.19236,0.19895,0.18846,15544.2998046875,0.19315
0.19238,0.19404,0.19007,19257,0.19238
0.19022,0.19344,0.18202,22221.5,0.19238
0.19238,0.19249,0.1887,61840.30078,0.19022
0.19308,0.19379,0.19076,43778.80078,0.19234
0.18823,0.19505,0.1869,29885.099609375,0.19307
0.20266,0.2036,0.1846,40491.30078,0.18817
0.20135,0.20388,0.1985,35438,0.20266
0.20406,0.20528,0.2,22548.30078,0.20127
0.20327,0.20444,0.20116,19202,0.20403
0.2036,0.20496,0.19839,17071,0.20329
0.20274,0.20484,0.20125,28982.900390625,0.20361
0.20432,0.20585,0.20129,98329.79688,0.20274
0.20413,0.20724,0.19957,38572.19922,0.20427
0.20294,0.20487,0.2008,27337.80078,0.2041
0.21093,0.2147,0.1961,19564.900390625,0.20301
0.20241,0.21268,0.20112,18904.099609375,0.211
0.207,0.21356,0.20026,23386.900390625,0.20245
0.19762,0.208,0.19596,43384.19922,0.20701
0.20052,0.20292,0.19622,56810.19922,0.19759
0.19792,0.20095,0.19502,25923.69922,0.20052
0.19371,0.20048,0.19355,36500.89844,0.19791
0.19622,0.19695,0.19139,23611.400390625,0.19372
0.19263,0.19719,0.18972,9978,0.19622
0.19883,0.20122,0.19222,16968.30078,0.19256
0.20032,0.20216,0.19793,16566.900390625,0.19883
0.19434,0.2025,0.19212,14726.5,0.20034
0.20178,0.20305,0.18928,14980.2998046875,0.19434
0.20486,0.20624,0.1975,34389.39844,0.20179
0.20537,0.20668,0.20087,27510.099609375,0.20496
0.20132,0.20805,0.2007,88913.60156,0.20543
0.19969,0.20465,0.19889,64900.5,0.20131
0.19818,0.2025,0.19664,43237.39844,0.19969
0.20379,0.20467,0.19505,29380.599609375,0.19818
0.20176,0.20636,0.19838,30448.599609375,0.20386
0.1971,0.20429,0.19564,19057.19922,0.20177
0.19254,0.2001,0.19128,47306.60156,0.19711
0.19708,0.20031,0.184,19424.30078,0.19254
0.21642,0.21651,0.178,29526.19922,0.19702
0.21865,0.225,0.21554,31087.30078,0.21642
0.2186,0.22199,0.21423,22051.19922,0.21865
0.21172,0.2211,0.20934,51115.5,0.21862
0.21688,0.2224,0.21029,43051.10156,0.21158
0.21777,0.22213,0.21316,34524.19922,0.21688
0.21936,0.22057,0.20713,43534.39844,0.21776
0.22377,0.22667,0.2154,38892.80078,0.21936
0.21785,0.22575,0.21534,61136,0.22369
0.21135,0.22418,0.21117,65860,0.21786
0.22644,0.2359,0.20816,91399.89844,0.21135
0.21415,0.23075,0.20981,120678,0.22648
0.1975,0.21806,0.19459,65915,0.21416
0.1962,0.19979,0.19407,66462.10156,0.19747
0.19414,0.19775,0.19133,187212,0.19618
0.19327,0.19776,0.1916,145260,0.19418
0.19261,0.19695,0.19197,74133.79688,0.19325
0.18803,0.19951,0.18558,85767.60156,0.1926
0.18342,0.18964,0.18202,122466,0.18804
0.18147,0.18637,0.18109,50053.69922,0.18341
0.18892,0.19453,0.17821,82071.70313,0.18151
0.19539,0.19638,0.18772,40356.69922,0.18901
0.18863,0.19715,0.18838,43787.30078,0.19544
0.1905,0.19185,0.18618,42354,0.18863
0.1805,0.19399,0.174,20583.19922,0.19053
0.18605,0.18973,0.18,26092.30078,0.1805
0.18764,0.18931,0.18313,31219.80078,0.18613
0.18932,0.18947,0.18011,49762,0.18763
0.18848,0.19567,0.18616,35793.80078,0.18939
0.1876,0.19213,0.185,53520.30078,0.1885
0.19826,0.19872,0.18119,30833.5,0.18758
0.20192,0.20231,0.1938,39705.10156,0.19829
0.19283,0.20294,0.19155,52572.19922,0.20192
0.198,0.20519,0.18986,227183,0.19285
0.17927,0.19834,0.17917,173507,0.19803
0.18114,0.18206,0.17627,1044850,0.17925
0.17956,0.18365,0.1777,564309,0.18114
0.17828,0.18277,0.17568,450366,0.17957
0.17497,0.1865,0.17384,846371,0.17828
0.17359,0.1763,0.16783,623116,0.17494
0.17109,0.17789,0.17044,220495,0.17353
0.16279,0.17546,0.16242,199937,0.17112
0.1754,0.1767,0.16184,308919,0.16278
0.17271,0.17984,0.16637,180109,0.17543
0.17591,0.18724,0.16936,131583,0.17269
0.1617,0.17742,0.15984,81027.39844,0.17593
0.16229,0.16524,0.15667,121771,0.16168
0.15853,0.16387,0.15689,234953,0.16225
0.14774,0.16163,0.14472,75395.79688,0.15854
0.15798,0.16178,0.14611,101882,0.14776
0.15705,0.16196,0.15156,145400,0.15797
0.16458,0.175,0.14504,136190,0.15695
0.14749,0.17257,0.14428,204620,0.1646
0.14691,0.14938,0.14001,127689,0.1476
0.1411,0.1519,0.13962,782236,0.14694
0.15306,0.15338,0.12815,822636,0.14102
0.1459,0.16422,0.14449,1150340,0.15308
0.15875,0.161,0.14351,912620,0.14588
0.13536,0.16614,0.10129,514730,0.15872
0.20824,0.20988,0.12798,339627,0.13549
0.21181,0.2138,0.199,826080,0.20813
0.20946,0.21567,0.19979,437740,0.21185
0.20387,0.2115,0.19787,134947,0.20952
0.23624,0.23624,0.2,332215,0.20385
0.24475,0.245,0.235,276132,0.23622
0.23907,0.24629,0.23804,195842,0.24477
0.23449,0.2432,0.23449,221688,0.23909
0.23433,0.23839,0.23,156281,0.23453
0.23968,0.2397,0.22942,510610,0.23428
0.22699,0.24149,0.22582,408786,0.23958
0.22897,0.23607,0.22428,273033,0.22696
0.23658,0.24244,0.2287,979776,0.22892
0.23854,0.244,0.2285,819654,0.23663
0.22917,0.24722,0.22363,601296,0.2385
0.25218,0.25512,0.22271,439967,0.22915
0.2703,0.271,0.251,1231660,0.25209
0.28298,0.28425,0.26401,742739,0.2704
0.27462,0.28467,0.27462,505566,0.28298
0.27424,0.2785,0.27,981701,0.27468
0.27094,0.27898,0.2678,591183,0.27418
0.27466,0.28168,0.26109,324528,0.2709
0.29834,0.30777,0.27007,324062,0.27466
0.28741,0.30273,0.27474,197875,0.29827
0.29248,0.29511,0.26821,353597,0.28736
0.30729,0.31892,0.27,438901,0.29224
0.33585,0.34676,0.2955,255047,0.30729
0.32718,0.33942,0.3104,296207,0.33594
0.30427,0.34,0.3,404485,0.32709
0.28092,0.309,0.28091,253803,0.30427
0.27342,0.2835,0.26738,293003,0.281
0.28255,0.28322,0.2673,535958,0.27338
0.27731,0.28924,0.27622,937009,0.28257
0.27951,0.28223,0.2636,1270300,0.27735
0.28325,0.28832,0.27766,307904,0.27953
0.27782,0.28856,0.26778,607158,0.28325
0.26742,0.2824,0.26737,411783,0.27774
0.25447,0.271,0.24752,199039,0.26737
0.25094,0.2595,0.24678,366008,0.25453
0.24146,0.26163,0.2355,111910,0.25093
0.23947,0.24304,0.23684,306365,0.24141
0.24376,0.24486,0.2335,294792,0.23946
0.23538,0.24669,0.23056,279257,0.24376
0.23912,0.24197,0.23425,317076,0.23539
0.23078,0.24162,0.23077,217840,0.23906
0.23121,0.23393,0.2263,142996,0.23077
0.21946,0.23276,0.218,111624,0.23131
0.22219,0.22271,0.21662,117386,0.21946
0.22584,0.2263,0.21378,209133,0.22222
0.23733,0.23746,0.22123,339835,0.22586
0.23738,0.23996,0.23213,300067,0.23733
0.23314,0.242,0.23,98146.70313,0.23726
0.23554,0.23672,0.22415,101368,0.23314
0.24357,0.25175,0.227,127183,0.23558
0.23922,0.25456,0.23183,64193.19922,0.24357
0.22899,0.24453,0.22659,212997,0.23921
0.23367,0.23501,0.2223,103842,0.229
0.23455,0.24356,0.2263,102053,0.23367
0.21134,0.24526,0.21134,76567.70313,0.23464
0.21536,0.2156,0.2096,71046.29688,0.21134
0.21121,0.21713,0.20941,110546,0.21539
0.21277,0.21994,0.20852,76974.70313,0.21121
0.20375,0.21318,0.20023,91541.5,0.21284
0.2075,0.20877,0.20126,134752,0.20373
0.21334,0.21836,0.20311,51107.10156,0.2075
0.2231,0.2255,0.20702,88976,0.21335
0.19453,0.22396,0.19421,66385.60156,0.2231
0.19305,0.19722,0.19288,27725,0.19453
0.19331,0.19363,0.19119,56531.39844,0.19305
0.1875,0.19395,0.1845,107300,0.19338
0.19304,0.19304,0.18508,125123,0.1875
0.19285,0.19526,0.19219,214210,0.19305
0.19327,0.19422,0.18988,139069,0.19295
0.19651,0.1979,0.19206,314964,0.19326
0.19321,0.1985,0.1908,115767,0.19653
0.19003,0.19469,0.18969,194865,0.1932
0.18924,0.19015,0.1848,120334,0.19003
0.18864,0.1941,0.18722,220308,0.18923
0.19069,0.19137,0.18633,87609.79688,0.18852
0.18958,0.19413,0.18745,100025,0.19077
0.1965,0.19974,0.18809,151612,0.18953
0.19134,0.19665,0.19045,174774,0.19649
0.19508,0.19617,0.18993,188141,0.19143
0.1878,0.19787,0.18369,66482.10156,0.19521
0.19573,0.19706,0.18447,156718,0.1878
0.1831,0.2,0.175,105338,0.19573
0.20547,0.20568,0.17754,39987,0.1831
0.21735,0.21747,0.202,74145,0.2055
0.21605,0.21939,0.21463,91403.5,0.21735
0.22055,0.22086,0.21463,87680,0.21605
0.21837,0.22074,0.21537,89836.10156,0.22054
0.22103,0.22322,0.2164,86376.10156,0.21837
0.22256,0.22365,0.21973,70837.10156,0.22093
0.22435,0.2256,0.21894,483161,0.22256
0.22913,0.23083,0.22113,267163,0.22445
0.22702,0.232,0.2237,207863,0.22909
0.22554,0.228,0.22281,285841,0.22699
0.22118,0.2268,0.2191,276844,0.22546
0.21398,0.2262,0.212,268605,0.22118
0.2195,0.22491,0.20952,334636,0.2139
0.21904,0.22182,0.2178,349747,0.21951
0.22471,0.22623,0.21731,643511,0.21914
0.22549,0.2255,0.2186,2663250,0.22477
0.22997,0.23192,0.22354,663871,0.2255
0.22312,0.23229,0.22245,570846,0.22998
0.22408,0.22946,0.22246,543359,0.22313
0.22054,0.2295,0.21259,376492,0.224
0.2173,0.2219,0.21327,198638,0.2206
0.22011,0.225,0.20013,241911,0.21731
0.23409,0.23466,0.21829,168083,0.21989
0.23004,0.23541,0.22526,75188.70313,0.23407
0.24345,0.2459,0.22122,184373,0.23
0.25022,0.25349,0.23613,173566,0.24345
0.25398,0.25861,0.24809,314944,0.25014
0.25174,0.25654,0.243,232728,0.25398
0.26316,0.26318,0.2411,148728,0.25179
0.2622,0.266,0.25891,228270,0.26311
0.2607,0.26444,0.25911,326072,0.26218
0.26795,0.26952,0.25303,151474,0.26069
0.27207,0.27294,0.26354,154989,0.26795
0.27224,0.27563,0.27013,510090,0.27202
0.27423,0.27641,0.2676,1565910,0.27222
0.27899,0.28106,0.26935,433750,0.27423
0.2799,0.284,0.27658,307833,0.27894
0.27546,0.28156,0.2745,224404,0.2799
0.29068,0.291,0.27023,213005,0.27547
0.31016,0.3149,0.27503,347642,0.29061
0.30062,0.31367,0.2961,294296,0.31009
0.29863,0.30443,0.29416,172552,0.30061
0.29024,0.2999,0.2891,189098,0.29863
0.29456,0.29614,0.28855,69993.60156,0.29024
0.29148,0.2975,0.29112,167463,0.29456
0.29459,0.2946,0.28448,108747,0.29146
0.29471,0.29874,0.28777,206251,0.29452
0.30192,0.30636,0.29016,368224,0.29471
0.29443,0.30972,0.29416,143002,0.30192
0.29825,0.3051,0.29309,183573,0.29447
0.29351,0.30213,0.28901,132721,0.29818
0.29839,0.312,0.284,161485,0.29351
0.27597,0.3081,0.2742,94316,0.29829
0.27307,0.28,0.26629,268872,0.27596
0.29041,0.29127,0.25005,257870,0.27306
0.29186,0.30278,0.28862,190937,0.29046
0.29393,0.2942,0.28826,106495,0.29187
0.29144,0.29615,0.28091,71011.79688,0.29386
0.29404,0.29952,0.287,147277,0.29145
0.30166,0.30207,0.28433,170108,0.29404
0.28334,0.3038,0.27969,303492,0.30167
0.28859,0.29219,0.27858,190375,0.28331
0.29722,0.299,0.283,497557,0.28859
0.27729,0.29779,0.27641,134743,0.29727
0.27232,0.28138,0.27109,268046,0.27726
0.26741,0.27729,0.26712,268531,0.27226
0.27021,0.27485,0.26431,199176,0.26743
0.28089,0.28168,0.26455,245059,0.27021
0.2774,0.28693,0.27358,210706,0.28082
0.27584,0.28548,0.27062,129604,0.2774
0.25551,0.28114,0.25333,122922,0.27592
0.25325,0.25634,0.2506,123245,0.25552
0.2525,0.2566,0.24671,396280,0.25325
0.24687,0.25664,0.2445,849798,0.25243
0.25248,0.25305,0.24159,760398,0.24674
0.24787,0.25481,0.24421,449444,0.25247
0.25659,0.261,0.24441,381203,0.24788
0.24024,0.26192,0.2354,313760,0.2566
0.24165,0.24261,0.23427,1869560,0.24024
0.24209,0.24433,0.238,790717,0.24163
0.2423,0.248,0.23296,18149400,0.24208
0.24567,0.25,0.22775,21058200,0.2422
0.23282,0.24953,0.23132,6796020,0.2457
0.26787,0.27317,0.21333,7337870,0.23282
0.27656,0.28666,0.26601,6023340,0.26786
0.28964,0.28982,0.2686,8004280,0.27653
0.2936,0.298,0.28625,49325800,0.28961
0.30064,0.30159,0.2835,46191400,0.2936
0.31344,0.31345,0.28208,15534600,0.30062
0.28553,0.32631,0.28493,20057400,0.31344
0.26103,0.2985,0.25944,12152000,0.28561
0.26015,0.263,0.25664,27999500,0.26098
0.26125,0.26419,0.25386,66593800,0.26022
0.25536,0.26551,0.25389,31169900,0.26124
0.25404,0.256,0.25132,24043200,0.2552
0.25515,0.25686,0.25087,25356900,0.25406
0.25855,0.26092,0.251,20446100,0.25519
0.25869,0.26371,0.2535,18100000,0.25859
0.26205,0.26423,0.25634,14523800,0.25855
0.25989,0.26591,0.2555,7990970,0.26205
0.25115,0.26285,0.25009,15781800,0.25993
0.25616,0.25868,0.24692,12411600,0.2511
0.25843,0.25937,0.25337,14308800,0.25617
0.26252,0.26299,0.25598,5468580,0.25843
0.2606,0.267,0.25751,7678600,0.26242
0.25596,0.26428,0.25295,7175750,0.2606
0.25747,0.25891,0.25,4720550,0.25593
0.25541,0.26047,0.25288,2709710,0.25747
0.25712,0.2576,0.25199,8092940,0.25539
0.25614,0.26264,0.247,11094000,0.25698
0.26955,0.26974,0.24765,6586410,0.25629
0.27051,0.27065,0.26513,3966670,0.26954
0.26961,0.27969,0.26704,3564780,0.27051
0.27149,0.27602,0.26597,1720410,0.26954
0.27663,0.27726,0.2637,2085390,0.27137
0.27038,0.27815,0.26727,7477270,0.27664
0.26589,0.27419,0.26028,2349090,0.27039
0.27432,0.27448,0.25871,1900470,0.26589
0.28195,0.28234,0.2696,5237580,0.27432
0.28321,0.29035,0.27558,5300920,0.28202
0.26535,0.2919,0.26353,8319930,0.2832
0.26029,0.26953,0.25648,4709360,0.26546
0.26392,0.26526,0.25395,3249380,0.26047
0.26346,0.2707,0.25875,2425600,0.26378
0.29795,0.29864,0.243,9101390,0.26353
0.3006,0.30129,0.29295,4738590,0.298
0.30316,0.30536,0.298,4458730,0.3006
0.29907,0.30605,0.29501,1795650,0.30316
0.2965,0.30562,0.29237,2820040,0.29918
0.30823,0.30921,0.2901,3179780,0.29649
0.31093,0.31204,0.30452,5966020,0.30825
0.3116,0.31688,0.30694,2034800,0.31109
0.32232,0.32421,0.308,2079340,0.3116
0.31823,0.331,0.31798,1682900,0.32242
0.31595,0.32298,0.31181,1709700,0.31813
0.3117,0.31747,0.31091,2548440,0.31596
0.31554,0.31785,0.30836,3659990,0.31178
0.3195,0.3199,0.3114,2342430,0.31575
0.31811,0.32348,0.3151,2304340,0.31959
0.31004,0.32213,0.30665,2510020,0.31823
0.31217,0.31478,0.306,1960270,0.31004
0.30966,0.31478,0.3,2274680,0.31218
0.32303,0.32621,0.3054,561283,0.30965
0.31332,0.32514,0.307,628370,0.32303
0.31547,0.323,0.31117,2973160,0.31335
0.30877,0.31905,0.30251,1630120,0.31548
0.32135,0.32135,0.30572,2043670,0.30891
0.33059,0.33259,0.3157,3034820,0.32111
0.33269,0.33501,0.32053,10900200,0.33075
0.3187,0.34094,0.31818,5648010,0.33279
0.32035,0.32215,0.30959,3111700,0.3188
0.31032,0.327,0.30257,3841800,0.32035
0.29545,0.32365,0.29264,2473050,0.31032
0.31287,0.32032,0.286,4438690,0.29543
0.30366,0.32376,0.29474,2611470,0.31287
0.33214,0.33549,0.2992,602968,0.30366
0.34336,0.34439,0.32359,666680,0.33206
0.32888,0.34988,0.31968,3690120,0.34336
0.36141,0.36285,0.31574,9416390,0.32875
0.39361,0.39646,0.34502,8149530,0.36154
0.40072,0.40725,0.38875,3175600,0.39362
0.39651,0.403,0.39114,4256380,0.40073
0.39031,0.4007,0.38683,7239650,0.39651
0.3787,0.4099,0.37826,8454760,0.39031
0.38722,0.38825,0.37325,5270540,0.37881
0.40458,0.4052,0.385,3711090,0.38723
0.39787,0.40666,0.3934,9338200,0.40456
0.40694,0.41125,0.38386,4696950,0.39794
0.39637,0.42298,0.38804,3854500,0.40691
0.42597,0.42859,0.3954,2490080,0.3962
0.426,0.43,0.40392,3534630,0.4262
0.41061,0.4272,0.40582,1586190,0.4261
0.46773,0.47176,0.3951,9996320,0.41049
0.46809,0.4968,0.453,4170450,0.46805
0.47391,0.47654,0.455,5756150,0.46809
0.47015,0.47585,0.45,2450680,0.47385
0.47714,0.49298,0.465,1632680,0.47015
0.44262,0.50999,0.43752,2604180,0.47729
0.42986,0.45,0.42925,1931140,0.4425
0.43426,0.43592,0.4198,2468920,0.42995
0.42697,0.43852,0.42369,11077200,0.43406
0.44705,0.45499,0.41963,5605070,0.42694
0.42701,0.46311,0.42181,6249910,0.44705
0.40949,0.44098,0.40583,2100120,0.42703
0.40201,0.41213,0.40052,2491800,0.4095
0.39872,0.40364,0.39025,2413870,0.40201
0.40075,0.40804,0.3942,3566450,0.39876
0.39209,0.402,0.38726,1800020,0.40074
0.39985,0.40195,0.38175,1391520,0.39192
0.38528,0.40346,0.37985,1230840,0.3999
0.40699,0.41043,0.37,954105,0.38527
0.41871,0.42222,0.4021,1511400,0.40699
0.41935,0.43003,0.41389,1037600,0.41886
0.39997,0.427,0.39024,892392,0.41937
0.3989,0.40597,0.3871,3268750,0.4001
0.41739,0.41934,0.3836,1224190,0.39878
0.44396,0.465,0.417,960469,0.41731
0.42856,0.44695,0.42735,1046610,0.44396
0.43849,0.44169,0.41664,2073320,0.42894
0.41809,0.4408,0.40614,1948360,0.43851
0.44286,0.4735,0.401,2093870,0.41789
0.44863,0.45701,0.42,2788170,0.44307
0.4334,0.4611,0.4176,4342540,0.44877
0.40364,0.44645,0.399,4014090,0.43331
0.38526,0.41368,0.373,1553340,0.40372
0.38286,0.393,0.37941,2456860,0.3852
0.37989,0.39375,0.36982,2243850,0.38286
0.37171,0.38269,0.36091,10888000,0.37956
0.39515,0.4111,0.366,13579500,0.37183
0.39629,0.40738,0.3853,8200850,0.39524
0.41612,0.41647,0.37812,3491280,0.39636
0.37178,0.42796,0.37,4421340,0.41631
0.38858,0.39598,0.3634,3923550,0.37183
0.41891,0.42394,0.3585,12171300,0.38862
0.45723,0.479,0.39334,16381900,0.41876
0.409,0.467,0.40737,10179100,0.45734
0.32385,0.4362,0.32199,8528910,0.409
0.31014,0.329,0.30785,9256850,0.32409
0.31703,0.32992,0.30233,9904390,0.31016
0.29877,0.3372,0.29801,3741330,0.31724
0.29475,0.30198,0.29061,4649000,0.29881
0.29957,0.30198,0.29195,3943650,0.29488
0.29843,0.30275,0.29567,4338380,0.29958
0.30284,0.30726,0.29712,2923060,0.29819
0.30044,0.30751,0.29479,6063910,0.30283
0.30293,0.305,0.29892,3439220,0.30044
0.30792,0.31856,0.29634,7417420,0.30305
0.30206,0.31053,0.3003,3507560,0.30784
0.30313,0.30478,0.30072,4403350,0.30205
0.30855,0.31,0.29992,4232060,0.30304
0.29313,0.31249,0.29154,3546870,0.3087
0.29948,0.30161,0.28959,3768400,0.29323
0.29942,0.30278,0.29535,2878010,0.29946
0.3034,0.30499,0.2975,2588540,0.29928
0.29162,0.30491,0.28839,2414740,0.3035
0.29971,0.30581,0.28455,3121430,0.29161
0.31802,0.31989,0.2888,1897140,0.29963
0.32232,0.32647,0.31684,2172210,0.31807
0.31972,0.3306,0.31624,4346850,0.32252
0.32673,0.32815,0.31356,6585960,0.31963
0.33008,0.33241,0.321,3027920,0.32668
0.33525,0.33537,0.32606,2171460,0.32999
0.33435,0.34671,0.33116,8919760,0.33533
0.324,0.341,0.319,2715170,0.33436
0.31889,0.325,0.31541,2841870,0.32379
0.32761,0.33184,0.31311,5732620,0.31905
0.32459,0.33,0.32121,3475030,0.32762
0.32314,0.3359,0.31936,2054440,0.32458
0.3271,0.3282,0.31391,2124790,0.32325
0.3535,0.35377,0.3191,3523120,0.32705
0.34728,0.3578,0.34608,2124700,0.35345
0.35558,0.35574,0.34385,4268990,0.34732
0.36149,0.37012,0.34365,2472350,0.35568
0.35267,0.367,0.35041,2190900,0.3612
0.36118,0.36224,0.3461,2154250,0.35264
0.32996,0.37999,0.32994,1687590,0.3613
0.34022,0.34669,0.325,4166850,0.32996
0.3505,0.3705,0.32354,4811600,0.34022
0.31249,0.35571,0.3115,3256190,0.3505
0.30889,0.31455,0.30739,1711010,0.31248
0.31092,0.31168,0.30718,1871110,0.30889
0.30775,0.31834,0.30687,1663440,0.31107
0.30603,0.31042,0.30475,8429880,0.30774
0.30986,0.31012,0.30418,4476160,0.30604
0.303,0.31097,0.30055,2486660,0.31012
0.30296,0.30384,0.294,2875250,0.30302
0.30792,0.308,0.3,8707610,0.3031
0.31174,0.31186,0.30471,3102200,0.30787
0.31041,0.31264,0.30883,2039860,0.31182
0.30965,0.31262,0.30642,1343950,0.31041
0.3178,0.31915,0.29,4316810,0.30965
0.31581,0.32275,0.3115,6449830,0.31779
0.31451,0.3166,0.3125,7161980,0.31594
0.31546,0.32,0.31135,7926590,0.31452
0.31866,0.31892,0.314,2239270,0.3154
0.31485,0.323,0.31465,5455280,0.31868
0.31131,0.31678,0.3107,6913360,0.31473
0.31345,0.31654,0.30585,5928550,0.31131
0.3103,0.32555,0.30733,4244610,0.31332
0.30991,0.31204,0.30766,3489930,0.31031
0.31279,0.315,0.30658,10802800,0.30992
0.31395,0.31705,0.30905,6499310,0.31289
0.3078,0.319,0.3068,17931000,0.31389
0.31324,0.316,0.305,19566500,0.30775
0.31628,0.31936,0.3124,10072300,0.31311
0.31473,0.32186,0.3095,12265200,0.31629
0.30197,0.31787,0.3008,31673800,0.31471
0.31115,0.31222,0.29728,36529400,0.30207
0.31389,0.31542,0.308,16830500,0.31114
0.31565,0.31819,0.30993,22162500,0.31382
0.31386,0.32354,0.31146,10860900,0.31564
0.31054,0.31771,0.30602,18555800,0.3139
0.31663,0.31874,0.30076,9699960,0.31067
0.3274,0.33502,0.31334,7419900,0.31658
0.29757,0.33975,0.29672,13807600,0.32731
0.33201,0.34345,0.29371,10858900,0.29757
0.32102,0.33395,0.31753,7408990,0.33201
0.32064,0.32333,0.31352,11887200,0.32105
0.33139,0.33297,0.31688,10061200,0.3207
0.3225,0.33476,0.3166,6704720,0.3315
0.32188,0.34777,0.31807,5993880,0.32238
0.3031,0.32862,0.30177,6955980,0.32194
0.30084,0.308,0.29849,7622780,0.30318
0.30195,0.30408,0.2997,7427960,0.30077
0.30082,0.30646,0.296,7080440,0.30194
0.30387,0.30556,0.29975,7062530,0.30081
0.3051,0.31373,0.30113,9188050,0.30382
0.30243,0.30842,0.29625,11553100,0.30514
0.30985,0.3103,0.30136,5499430,0.30255
0.31218,0.31286,0.29829,6218750,0.30988
0.31195,0.3164,0.30719,5711770,0.31215
0.29146,0.32129,0.28908,6591730,0.31205
0.28934,0.29469,0.28913,5356450,0.29145
0.29972,0.30101,0.28809,6401630,0.2894
0.29932,0.30225,0.29642,5980210,0.29972
0.30204,0.30566,0.29736,8949460,0.29939
0.31042,0.31215,0.289,4483370,0.30219
0.30628,0.31377,0.30428,4222960,0.3103
0.3092,0.31197,0.295,6055450,0.30624
0.32118,0.3358,0.30349,4459260,0.30911
0.28694,0.32646,0.28447,5877830,0.32109
0.29223,0.294,0.28126,6216400,0.28693
0.30653,0.30767,0.28089,6704090,0.29223
0.3126,0.31409,0.30272,5266460,0.30646
0.314,0.31887,0.3119,4155640,0.31258
0.31584,0.31698,0.31,4584190,0.31384
0.31422,0.31795,0.31255,5148290,0.31593
0.31762,0.31933,0.312,6027790,0.31415
0.31766,0.3202,0.30611,12843800,0.31762
0.31697,0.32163,0.3127,10457300,0.31767
0.32672,0.32861,0.31089,10461300,0.3168
0.32042,0.3325,0.31927,10910000,0.3267
0.32468,0.32548,0.3161,14214000,0.32036
0.3258,0.3284,0.31926,7486110,0.32489
0.32154,0.33196,0.3201,12602800,0.3257
0.3286,0.33176,0.31606,13585800,0.3215
0.31139,0.33593,0.31115,24376200,0.32871
0.32554,0.32953,0.30796,14355000,0.31132
0.3258,0.32977,0.32071,31328600,0.32557
0.32464,0.33418,0.31559,25549000,0.3258
0.36479,0.37963,0.315,21083700,0.32464
0.36073,0.36919,0.35775,12732500,0.3648
0.36015,0.36796,0.3545,9288200,0.36073
0.36042,0.37218,0.35701,8023910,0.36022
0.34851,0.36446,0.34542,7213280,0.36042
0.35303,0.35981,0.345,7419170,0.34851
0.35255,0.358,0.34385,8160330,0.35308
0.3686,0.3691,0.34778,9801320,0.3524
0.36057,0.3745,0.3535,10576800,0.36882
0.34864,0.36111,0.34533,15586800,0.3608
0.36488,0.36932,0.3435,10692300,0.34849
0.35622,0.36578,0.3508,23733000,0.36489
0.37017,0.37913,0.35103,10952100,0.35593
0.3337,0.37559,0.32823,28469700,0.36997
0.37298,0.375,0.325,68629504,0.33368
0.37599,0.38942,0.35327,95915696,0.37253
0.40075,0.40399,0.36,52485500,0.37598
0.36691,0.45,0.36665,24735300,0.40092
0.35645,0.37784,0.35407,20990300,0.3669
0.35405,0.36,0.34383,19020300,0.35644
0.37228,0.383,0.34584,31360800,0.35428
0.34468,0.38368,0.339,23048100,0.37228
0.34979,0.39265,0.34165,15027900,0.34468
0.32721,0.3498,0.32149,12849800,0.34979
0.28669,0.337,0.285,9539580,0.32721
0.28421,0.2954,0.28312,9819610,0.28669
0.28803,0.29149,0.2805,9805040,0.28422
0.29916,0.3008,0.28312,16780900,0.28816
0.30463,0.30569,0.29558,34918400,0.29934
0.29905,0.31064,0.2971,50623800,0.30463
0.2995,0.31,0.29396,14708500,0.29904
0.30944,0.31377,0.29424,11941600,0.29956
0.30247,0.31965,0.2983,14465400,0.30914
0.30114,0.325,0.29117,15485200,0.30247
0.30959,0.312,0.2865,25425000,0.30114
0.33906,0.3455,0.30671,13362700,0.30919
0.35235,0.361,0.338,12407600,0.3395
0.34827,0.36255,0.33913,14252000,0.35231
0.36974,0.371,0.34553,8711820,0.34827
0.372,0.3799,0.366,15646500,0.36963
0.36492,0.379,0.35617,10122000,0.37205
0.38148,0.38331,0.355,12502400,0.36466
0.3922,0.395,0.37072,15178600,0.38149
0.36476,0.40319,0.36476,12133900,0.39203
0.3634,0.376,0.34634,7443100,0.365
0.38186,0.39999,0.34625,11033000,0.36354
0.37977,0.39639,0.32802,7786220,0.382
0.41461,0.42878,0.37001,9156060,0.37982
0.42766,0.44376,0.39674,17033600,0.41447
0.45345,0.45785,0.424,12171600,0.42831
0.44285,0.46947,0.41933,10812600,0.45367
0.48235,0.50865,0.4095,11470500,0.44285
0.51608,0.51695,0.4645,11338900,0.4825
0.49815,0.532,0.49537,10673500,0.51611
0.47805,0.505,0.46939,12774300,0.49813
0.48931,0.49568,0.46382,13141000,0.47765
0.48461,0.4947,0.4311,14850800,0.48931
0.51817,0.52012,0.422,15243000,0.4846
0.52403,0.53464,0.51111,23168300,0.51736
0.51018,0.53499,0.50521,20324700,0.5245
0.50941,0.51233,0.49764,15801900,0.51019
0.50463,0.51748,0.5027,12681200,0.50956
0.49713,0.5227,0.496,14633300,0.5044
0.5409,0.5468,0.492,17988200,0.49694
0.5546,0.5555,0.52751,15785600,0.5409
0.5022,0.56878,0.50053,9969180,0.55523
0.46999,0.50644,0.461,9558140,0.5022
0.45706,0.47959,0.44955,9718770,0.46999
0.46281,0.46449,0.45433,12434100,0.45713
0.46137,0.46899,0.45901,13708900,0.463
0.45418,0.462,0.4485,9949120,0.46141
0.44734,0.46097,0.4375,6994230,0.45418
0.44554,0.455,0.444,14905700,0.44749
0.46483,0.46516,0.4343,9572580,0.44506
0.4601,0.46695,0.458,9028920,0.46472
0.46657,0.4681,0.4576,8634060,0.46012
0.46351,0.471,0.45923,12102100,0.46657
0.46401,0.4731,0.45688,12706300,0.46351
0.47005,0.478,0.46,26033100,0.46402
0.46163,0.48649,0.444,15960700,0.47006
0.46458,0.46901,0.45475,18694500,0.46192
0.46772,0.47476,0.4635,7053810,0.46458
0.46103,0.47293,0.45633,11709500,0.46788
0.46848,0.473,0.458,13138500,0.46077
0.48383,0.49408,0.456,17363300,0.4675
0.48352,0.49818,0.47201,8111580,0.48437
0.46183,0.48896,0.45554,8262040,0.48352
0.40951,0.52179,0.39771,7794340,0.46168
0.42259,0.43057,0.40321,12131400,0.40994
0.42071,0.432,0.417,8254240,0.4227
0.38319,0.44953,0.37685,12794900,0.42071
0.46632,0.46632,0.37713,12471600,0.38315
0.48171,0.48171,0.46066,11466600,0.46605
0.49302,0.49387,0.47108,9147740,0.48199
0.4826,0.50449,0.47824,8534390,0.49335
0.4893,0.49149,0.46666,17349200,0.48269
0.52098,0.5226,0.46859,19587800,0.48964
0.52921,0.53331,0.51031,14023000,0.5211
0.52982,0.54999,0.5257,13651100,0.5294
0.51692,0.5388,0.50785,12423400,0.5293
0.57734,0.58038,0.515,11176000,0.51692
0.58257,0.6059,0.532,14517200,0.5776
0.56875,0.62604,0.55744,27038800,0.58257
0.54026,0.5968,0.52505,15702600,0.56876
0.54305,0.55,0.51624,238775008,0.54025
0.51343,0.555,0.50578,150286000,0.54305
0.52633,0.57299,0.48364,84961904,0.513
0.49235,0.549,0.43558,70187104,0.5256
0.5719,0.5831,0.48256,95835696,0.49358
0.57249,0.59975,0.55501,301843008,0.5719
0.56399,0.63,0.49094,92742200,0.57368
0.44877,0.8,0.4185,216036000,0.56405
0.32718,0.492,0.32103,104869000,0.44819
0.31898,0.337,0.3109,106543000,0.32679
0.2706,0.337,0.269,131974000,0.31897
0.28122,0.28373,0.26662,163960992,0.2706
0.2803,0.28229,0.27351,128849000,0.28122
0.2761,0.28489,0.27533,92631104,0.28031
0.27892,0.2867,0.27138,89194704,0.27571
0.26959,0.28641,0.2676,113378000,0.27933
0.26349,0.27413,0.25308,64604400,0.2699
0.27,0.276,0.25261,62655700,0.26314
0.27699,0.28263,0.259,159066000,0.27
0.27665,0.2908,0.27,39220400,0.2766
0.28686,0.294,0.26891,50725200,0.27679
0.30182,0.30445,0.28092,30605900,0.2869
0.27899,0.307,0.2676,40402700,0.30179
0.33116,0.334,0.2772,88162896,0.27889
0.33491,0.34157,0.32819,133553000,0.33116
0.34237,0.34387,0.333,176154000,0.33493
0.34698,0.34918,0.33,71163504,0.34253
0.3353,0.35517,0.33476,41008200,0.34699
0.3347,0.349,0.32728,63732100,0.3353
0.34494,0.3466,0.32252,48249700,0.33518
0.35067,0.3556,0.33361,34198900,0.34494
0.339,0.35809,0.33423,34290500,0.35128
0.32277,0.34062,0.32145,28179100,0.33901
0.32759,0.32912,0.318,26372900,0.32276
0.32647,0.332,0.3216,22224000,0.32702
0.3263,0.329,0.31577,28114300,0.32646
0.31849,0.32958,0.31306,32540800,0.3263
0.33398,0.35499,0.31039,51634900,0.3185
0.315,0.33799,0.31302,41822000,0.33339
0.34201,0.35095,0.3128,38972400,0.31499
0.32848,0.35281,0.316,28498000,0.34201
0.36721,0.37,0.31039,25936500,0.32829
0.29161,0.37506,0.29085,27534700,0.3672
0.28,0.30184,0.2755,44289800,0.29142
0.2728,0.30234,0.2728,29568100,0.28039
0.2743,0.27732,0.24672,27697400,0.2725
0.29575,0.309,0.27127,24504100,0.2743
0.29708,0.30938,0.29401,22617600,0.29547
0.31897,0.32008,0.2874,29220800,0.29784
0.3441,0.34689,0.31236,38063700,0.31897
0.33197,0.35799,0.328,31695500,0.3441
0.37863,0.37863,0.31928,21103400,0.33171
0.41328,0.41567,0.37387,32783200,0.37863
0.43437,0.43699,0.40127,63578800,0.4129
0.42984,0.43705,0.42705,38886100,0.4345
0.44097,0.445,0.42741,34188200,0.42985
0.43021,0.44619,0.4253,32185000,0.44033
0.44673,0.44888,0.42849,43866200,0.42975
0.4353,0.46382,0.42671,36277100,0.44642
0.44616,0.44641,0.4268,35302300,0.4353
0.45315,0.45621,0.43382,38260700,0.44534
0.45643,0.45849,0.45,25267200,0.45315
0.4555,0.45887,0.44803,27130000,0.45641
0.44878,0.462,0.444,26261800,0.4555
0.45983,0.46887,0.44538,42191100,0.44968
0.45741,0.46878,0.45153,59952100,0.4598
0.4452,0.4715,0.438,23132200,0.45885
0.44859,0.46371,0.44212,27939000,0.44499
0.45467,0.46409,0.44589,25397400,0.44859
0.4444,0.459,0.4346,38368700,0.45506
0.47703,0.4773,0.431,28179100,0.44439
0.48869,0.495,0.47125,28704900,0.47687
0.50651,0.52525,0.4752,36899300,0.48868
0.48173,0.52019,0.4665,48608100,0.50728
0.44695,0.4858,0.4435,37321100,0.48173
0.43864,0.45004,0.43509,23011500,0.44681
0.43761,0.4443,0.431,27619800,0.43864
0.43706,0.44509,0.43001,103722000,0.43754
0.449,0.44932,0.4236,81253296,0.43675
0.44247,0.45134,0.43957,79822896,0.44872
0.4728,0.47338,0.43866,86864600,0.44337
0.47872,0.48201,0.47015,84614000,0.473
0.4852,0.48798,0.4751,107708000,0.47915
0.47644,0.488,0.46381,144948000,0.48494
0.47772,0.48156,0.45747,116200000,0.47698
0.49155,0.50295,0.46887,53544800,0.4769
0.48469,0.508,0.47941,49976700,0.49097
0.48913,0.52,0.47801,74944096,0.4844
0.46222,0.4954,0.452,47127700,0.4899
0.46797,0.46989,0.45007,62156400,0.46222
0.45346,0.48318,0.45312,42133000,0.46796
0.4463,0.46124,0.42393,59945400,0.45321
0.47042,0.47396,0.442,72701504,0.44575
0.45218,0.47518,0.44787,189472000,0.4701
0.48125,0.48241,0.4511,109392000,0.453
0.47418,0.4992,0.47123,69178000,0.48125
0.48963,0.51,0.43724,64076700,0.47331
0.48287,0.49909,0.47333,61100400,0.49005
0.5342,0.53506,0.46859,81489696,0.48216
0.53919,0.549,0.52899,179179008,0.53457
0.54833,0.55188,0.52065,178828000,0.53916
0.53835,0.56185,0.5207,128112000,0.54834
0.52669,0.5535,0.50818,70430496,0.5387
0.53232,0.5437,0.51999,80791104,0.52617
0.53224,0.5385,0.51733,111303000,0.53275
0.55765,0.55927,0.52447,74534400,0.53258
0.52863,0.569,0.51934,352326016,0.55769
0.5556,0.56124,0.50401,543884032,0.52862
0.59901,0.5991,0.5415,299528000,0.5556
0.58202,0.6,0.56,201496992,0.59989
0.65687,0.6585,0.55,161152000,0.58201
0.67211,0.68,0.65514,142120000,0.6574
0.6777,0.68,0.65832,152496992,0.6721
0.6738,0.69,0.67089,271785984,0.67756
0.67507,0.6833,0.653,248583008,0.6741
0.65508,0.686,0.6328,261052992,0.67464
0.6901,0.707,0.6351,163054000,0.65507
0.64285,0.69101,0.63862,164860992,0.6901
0.62236,0.65204,0.61513,278704992,0.64269
0.6114,0.62428,0.6024,217306000,0.62151
0.60051,0.62255,0.58829,317292000,0.6114
0.5997,0.626,0.58101,498648000,0.60149
0.54689,0.60921,0.54303,354020992,0.59998
0.60417,0.6091,0.5434,334616992,0.54689
0.60907,0.648,0.59705,190116992,0.60416
0.60596,0.62618,0.59771,134675008,0.60852
0.62966,0.63391,0.59336,119632000,0.60459
0.59053,0.64,0.57617,161342000,0.62814
0.63782,0.64488,0.5731,250742000,0.59198
0.67612,0.67817,0.635,162716992,0.63782
0.6994,0.705,0.66666,173824992,0.67612
0.67483,0.70659,0.668,140463008,0.6994
0.67698,0.69139,0.6611,101667000,0.67339
0.65849,0.68255,0.646,110244000,0.67766
0.70942,0.712,0.6482,224768992,0.65849
0.689,0.712,0.65756,180190000,0.70585
0.72695,0.74892,0.6801,166108000,0.689
0.72999,0.7499,0.68585,182618000,0.72694
0.68192,0.7501,0.66456,235391008,0.72999
0.67376,0.71,0.62519,262443008,0.68522
0.7492,0.75602,0.64758,220924000,0.6761
0.79481,0.80572,0.74085,522438016,0.74558
0.80667,0.81894,0.7569,265152000,0.79481
0.8249,0.84802,0.792,187722000,0.80667
0.86482,0.86886,0.8,158188992,0.8249
0.9028,0.918,0.83774,248704992,0.86483
0.8898,0.935,0.888,180678000,0.9028
0.5,1.5,0.5,264782000,0.8899
,,,283036000,
,,,192936992,
,,,152851008,
,,,199852000,
,,,240595008,
,,,126395000,
,,,116893000,
,,,116898000,
,,,92263600,
,,,76537296,
,,,91052800,
,,,66614100,
,,,75700896,
,,,55323000,
,,,93182600,
,,,67649504,
,,,73082704,
,,,122696000,
,,,55887100,
,,,48981700,
,,,77454496,
,,,100344000,
,,,64730900,
,,,81312200,
,,,77557200,
,,,76435296,
,,,51680100,
,,,45760100,
,,,46476400,
,,,116137000,
,,,85772704,
,,,64320200,
,,,134268992,
,,,68135104,
,,,67482400,
,,,71114704,
,,,169590000,
,,,103123000,
,,,89026304,
,,,62206300,
,,,33676300,
,,,53939200,
,,,64821400,
,,,47981800,
,,,62044300,
,,,170634000,
,,,196022000,
,,,123113000,
,,,130898000,
,,,93212704,
,,,162103008,
,,,128424000,
,,,155072000,
,,,78431696,
,,,73755400,
,,,66680300,
,,,69264496,
,,,75383296,
,,,75798000,
,,,62972500,
,,,48877500,
,,,75859904,
,,,67314400,
,,,60005900,
,,,57121400,
,,,40394500,
,,,39365700,
,,,24099100,
,,,23409900,
,,,37329600,
,,,53498800,
,,,44833300,
,,,53055600,
,,,41887500,
,,,22220300,
,,,31024200,
,,,27927800,
,,,36809600,
,,,39301200,
,,,40641000,
,,,42452500,
,,,30577500,
,,,24114000,
,,,24546500,
,,,31208400,
,,,41345600,
,,,62352400,
,,,56740700,
,,,42979700,
,,,50712700,
,,,41090800,
,,,39801200,
,,,180248992,
,,,89253400,
,,,128551000,
,,,89939200,
,,,142363008,
,,,110600000,
,,,141852000,
,,,157435008,
,,,153394000,
,,,93178896,
,,,84646704,
,,,92297200,
,,,103574000,
,,,71420800,
,,,83039296,
,,,115162000,
,,,77875600,
,,,73154304,
,,,50393500,
,,,44546500,
,,,33703600,
,,,41903700,
,,,36197200,
,,,48447300,
,,,32938200,
,,,32021800,
,,,56526000,
,,,56849200,
,,,46385200,
,,,44934200,
,,,58532500,
,,,31524400,
,,,34040600,
,,,34791200,
,,,51057500,
,,,49136900,
,,,44489500,
,,,26129900,
,,,17384600,
,,,32033800,
,,,38161100,
,,,51033600,
,,,23704800,
,,,35146100,
,,,29047300,
,,,40011500,
,,,44074900,
,,,39320200,
,,,40491500,
,,,41766300,
,,,40588500,
,,,36063500,
,,,29964000,
,,,46671000,
,,,32508500,
,,,36656700,
,,,44354400,
,,,44929500,
,,,35999400,
,,,31221300,
,,,29247600,
,,,32087200,
,,,34054800,
,,,33876600,
,,,29272800,
,,,40058500,
,,,33435900,
,,,45338000,
,,,37688900,
,,,35735700,
,,,39016100,
,,,48284400,
,,,34762700,
,,,33426400,
,,,32338800,
,,,41012600,
,,,33954300,
,,,31732500,
,,,33014500,
,,,32393700,
,,,27346900,
,,,25550900,
,,,33160900,
,,,31309100,
,,,35463900,
,,,28289200,
,,,23792500,
,,,20547700,
,,,22403800,
,,,33018400,
,,,40091900,
,,,30846300,
,,,30172600,
,,,37618500,
,,,22586300,
,,,34691600,
,,,54845300,
,,,41505800,
,,,32155300,
,,,30321500,
,,,27555400,
,,,23366000,
,,,29691600,
,,,28947100,
,,,31704100,
,,,31815200,
,,,24394700,
,,,22482600,
,,,19018600,
,,,20136800,
,,,21437100,
,,,24304400,
,,,31289400,
,,,24062700,
,,,23751500,
,,,30488100,
,,,18323700,
,,,25503900,
,,,31742700,
,,,23635100,
,,,20515800,
,,,25798500,
,,,29601700,
,,,17273400,
,,,22207700,
,,,21602300,
,,,21752000,
,,,19364700,
,,,29263100,
,,,17631600,
,,,46481300,
,,,28849600,
,,,22513800,
,,,19745900,
,,,35257200,
,,,57364500,
,,,52810000,
,,,35711900,
,,,53805800,
,,,52929600,
,,,54877800,
,,,47806200,
,,,34706300,
,,,29966300,
,,,38884300,
,,,33801900,
,,,32241000,
,,,37938300,
,,,42702500,
,,,43837300,
,,,38659300,
,,,34245700,
,,,40377800,
,,,35111400,
,,,35204700,
,,,37921600,
,,,46774300,
,,,29282500,
,,,53467200,
,,,32909400,
,,,30107600,
,,,29067600,
,,,38769800,
,,,35421800,
,,,34176800,
,,,26235500,
,,,20659400,
,,,31906300,
,,,24600100,
,,,25737300,
,,,20766400,
,,,22917000,
,,,25004000,
,,,107293000,
,,,36076800,
,,,164644000,
,,,24185900,
,,,14421900,
,,,12537800,
,,,13930300,
,,,35911700,
,,,19815100,
,,,22030600,
,,,23064100,
,,,18523600,
,,,14535300,
,,,13189200,
,,,15874800,
,,,20239100,
,,,11786500,
,,,12371700,
,,,14102000,
,,,16064700,
,,,19928900,
,,,13488400,
,,,15187300,
,,,13314200,
,,,10160300,
,,,11916800,
,,,10283100,
,,,14673200,
,,,14464400,
,,,16887600,
,,,14328200,
,,,15042800,
,,,13896100,
,,,11667700,
,,,14920300,
,,,14649400,
,,,16715400,
,,,30182000,
,,,33617400,
,,,18856700,
,,,17386000,
,,,23170800,
,,,30858500,
,,,29890100,
,,,21715400,
,,,13864000,
,,,16968500,
,,,14215400,
,,,24217900,
,,,21913900,
,,,19314700,
,,,18065200,
,,,16842315.8612511,
,,,14373886.6785585,
,,,10636037.4690829,
,,,11105556.0188281,
,,,15779706.4283137,
,,,14305388.0587378,
,,,13315061.4457637,
,,,16666075.4256324,
,,,17903551.0758337,
,,,14219601.8537964,
,,,11992076.0065516,
,,,13100387.8425162,
,,,11705044.1261196,
,,,11027516.3910412,
,,,11758377.1401302,
,,,12444728.859967,
,,,11591710.367193,
,,,10345232.1421141,
,,,12214093.2506615,
,,,13576157.132091,
,,,16853229.3922397,
,,,20425202.226349,
,,,19104637.8574276,
,,,13813550.0861882,
,,,13916278.0281782,
,,,21739807.1585463,
,,,17051135.8155546,
,,,16360059.4171795,
,,,14370277.5315711,
,,,18873091.3541366,
,,,15781153.2643086,
,,,12884901.3107491,
,,,11899403.9816801,
,,,10174528.2724073,
,,,24331239.2895159,
,,,12738594.998002,
,,,12125339.121888,
,,,13488430.5848536,
,,,16838853.806639,
,,,15100413.9508034,
,,,15133986.2200607,
,,,19143629.7884386,
,,,24306321.9631723,
,,,23562847.5093489,
,,,20037123.6030374,
,,,16719881.7221064,
,,,18488424.2495382,
,,,24204632.6412262,
,,,24281060.1254075,
,,,27183478.7706038,
,,,21365212.5136894,
,,,28578356.164467,
,,,33574394.3752259,
,,,36435975.0189857,
,,,24212366.525168,
,,,32608466.6642041,
,,,36027328.4357768,
,,,34838080.1247631,
,,,33090913.303743,
,,,37895259.9731805,
,,,39662232.587236,
,,,50419054.3438308,
,,,46618917.1103089,
,,,33200067.2680324,
,,,36949055.5856288,
,,,46606594.4242195,
,,,45359366.1057707,
,,,44862786.0801613,
,,,45555506.4347947,
,,,48141805.4416793,
,,,46417589.9794322,
,,,58034756.3270481,
,,,52421773.9475328,
,,,52351662.0258584,
,,,52414292.1532683,
,,,52799179.2209003,
,,,59844236.5873285,
,,,59162579.4846381,
,,,52421972.4149738,
,,,47450868.6939859,
,,,50287821.7980808,
,,,59009589.8490539,
,,,60939331.8326532,
,,,62975747.8404367,
,,,62868852.2567812,
,,,67853125.1770929,
,,,74715380.5617921,
,,,63487790.3833357,
,,,70386152.5170902,
,,,69794817.0604062,
,,,71709284.0335695,
,,,69184623.4657467,
,,,67173811.9234136,
,,,63274675.045823,
,,,67035490.8413749,
,,,68874656.9605557,
,,,72757860.0761604,
,,,72310828.5946915,
,,,74428190.1837353,
,,,74197398.2090896,
,,,65485381.0390296,
,,,65452520.5078252,
,,,72591315.3424726,
,,,60080876.7,
,,,52938688.2131275,
,,,63362753.1720527,
,,,62767951.1779972,
,,,201675916.648744,
,,,117829193.98911,
,,,116998431.953639,
,,,99715348.8382762,
,,,102750635.488599,
,,,93149157.6308854,
,,,87593947.9503983,
,,,81236140.7364601,
,,,83963836.9163118,
,,,93084754.6644012,
,,,91009789.3433601,
,,,91620139.8422401,
,,,95017106.7909569,
,,,92764025.6493103,
,,,88272936.1178662,
,,,99371365.8480672,
,,,118227704.163007,
,,,129351710.770167,
,,,114825437.977766,
,,,91708208.2324625,
,,,95806842.5027715,
,,,100724714.112928,
,,,92938041.296858,
,,,105550896.442785,
,,,90506704.5817793,
,,,135283524.259616,
,,,128763082.295379,
,,,127876574.494368,
,,,110204684.249852,
,,,122650716.265317,
,,,106781470.230421,
,,,99339082.8201903,
,,,99427821.802761,
,,,92841765.4656057,
,,,96681421.9444525,
,,,100543874.303396,
,,,101931768.579783,
,,,106741099.359942,
,,,215660125.070905,
,,,125287158.669574,
,,,155993710.49067,
,,,118882977.036544,
,,,116208417.235544,
,,,82495646.7516042,
,,,47434963.1593962,
,,,39162918.9748266,
,,,38993596.3935916,
,,,40766958.3105273,
,,,42073269.0566141,
,,,37095215.9304261,
,,,39931450.886657,
,,,45947644.1094811,
,,,49857410.0328091,
,,,37535065.0237669,
,,,39720826.857936,
,,,41323062.9408985,
,,,67439108.5757703,
,,,58900217.1868881,
,,,55646569.3595057,
,,,69119265.0862734,
,,,70995398.5007389,
,,,78734549.038048,
,,,72415159.5087722,
,,,46125352.1686884,
,,,67197703.512904,
,,,76023557.3729975,
,,,87816699.1106967,
,,,419738195.04295,
,,,216194224.12275,
,,,78323420.6141635,
,,,74414764.3673695,
,,,78729256.2125597,
,,,234053890.705908,
,,,156907569.000537,
,,,109958291.991734,
,,,115296005.177187,
,,,98522712.5675968,
,,,101580438.695424,
,,,104335298.918876,
,,,113138588.14586,
,,,82412018.042277,
,,,123787029.780819,
,,,147136612.233359,
,,,132272877.122289,
,,,127524205.940101,
,,,135848271.217327,
,,,138555223.163366,
,,,143282900.767642,
,,,171933824.034862,
,,,207794231.256917,
,,,230462155.083316,
,,,229735778.684727,
,,,217991870.320211,
,,,221680907.696166,
,,,215721561.925906,
,,,144587433.828354,
,,,175272177.840076,
,,,138943736.267533,
,,,144831867.348573,
,,,135554013.896153,
,,,131784907.931956,
,,,170290077.84514,
,,,288013490.972759,
,,,168991927.613483,
,,,156736723.055474,
,,,140176877.700151,
,,,127287723.242795,
,,,132758316.336587,
,,,132861596.934245,
,,,127688764.681904,
,,,134452313.14632,
,,,120405500.570019,
,,,190744873.341055,
,,,182719893.719401,
,,,155828867.728879,
,,,124628294.207427,
,,,142132531.229636,
,,,123706017.395893,
,,,114154781.548333,
,,,119385278.064834,
,,,120701885.259517,
,,,158841420.234316,
,,,114381208.116912,
,,,125827611.450197,
,,,131312917.608602,
,,,108366438.784836,
,,,105663388.371124,
,,,105487494.029811,
,,,103711508.267368,
,,,117356354.431587,
,,,90737837.6795859,
,,,88391920.842842,
,,,80951329.7507811,
,,,85930847.1940066,
,,,70562693.7390599,
,,,82931894.698191,
,,,67774573.008402,
,,,100162528.134643,
,,,90181330.6564695,
,,,99591717.6546991,
,,,88705504.4088557,
,,,91749361.6799208,
,,,116283578.822285,
,,,106237721.781982,
,,,120008835.635379,
,,,99485911.9162982,
,,,111949649.027019,
,,,87008407.5280252,
,,,82229709.0790066,
,,,80671664.1854322,
,,,90797999.0953621,
,,,78512962.7773298,
,,,82268894.1857153,
,,,69374819.94,
,,,69658777.8933734,
,,,80774013.6826227,
,,,80391798.4617746,
,,,75036774.7357368,
,,,70469159.0379977,
,,,96683433.1798095,
,,,98854438.1817864,
,,,89694958.0542787,
,,,97178649.0327926,
,,,95830525.2397843,
,,,70865117.7710983,
,,,86518785.3606025,
,,,61387907.260419,
,,,61604445.3647172,
,,,50249217.5822277,
,,,50287115.0986019,
,,,67068912.01,
,,,72236098.2570552,
,,,53928209.0439566,
,,,66866817.4069469,
,,,64191501.8872961,
,,,63405427.8861687,
,,,58161502.600325,
,,,57047926.7785687,
,,,74484009.53,
,,,71687582.2634554,
,,,83013459.6435047,
,,,85283906.8092422,
,,,76842770.3737406,
,,,57294721.5339593,
,,,100063837.914643,
,,,91576289.7896605,
,,,133480584.350058,
,,,102437633.07914,
,,,96275560.0699608,
,,,81569538.5934181,
,,,72664743.6850618,
,,,82509888.5846843,
,,,95665011.5127693,
,,,101072792.393262,
,,,135169850.73716,
,,,143938186.016519,
,,,99077632.4318139,
,,,63364565.1727718,
,,,74691742.4179754,
,,,72773126.8363629,
,,,75303903.5700246,
,,,85119061.1137417,
,,,83529371.920034,
,,,79461839.886673,
,,,73400789.0193014,
,,,83666857.5016948,
,,,71783062.9253944,
,,,75137370.8406741,
,,,94627887.3358336,
,,,64153787.7795887,
,,,77422018.8369507,
,,,64022635.8752738,
,,,61816588.0391539,
,,,76185800.3652736,
,,,131307167.962025,
,,,131613139.950454,
,,,85291482.6711923,
,,,81939157.1302986,
,,,70720780.9863495,
,,,94407140.940603,
,,,94681590.5601328,
,,,88273502.4559706,
,,,98450878.9710895,
,,,152920962.633741,
,,,179221506.301102,
,,,166355879.288737,
,,,222423449.035848,
,,,220871996.847601,
,,,233444378.481951,
,,,203587730.914669,
,,,195288212.513567,
,,,191554079.032208,
,,,252599152.296308,
,,,205552604.075294,
,,,293290493.761649,
,,,259001299.911168,
,,,245474444.642663,
,,,194099890.781817,
,,,150673894.250877,
,,,176219413.866693,
,,,206142758.251086,
,,,188591183.493744,
,,,208429249.41397,
,,,203792696.131957,
,,,149260331.366327,
,,,167735054.293291,
,,,201294251.169337,
,,,243555436.776445,
,,,194201658.141428,
,,,179910717.344055,
,,,150665022.771076,
,,,158097540.403369,
,,,172231823.432886,
,,,150228084.165181,
,,,154562441.906222,
,,,159826619.226322,
,,,155100423.262541,
,,,151831339.593779,
,,,144980637.105034,
,,,119581850.037028,
,,,32630308.7797444,
,,,113404540.028718,
,,,154822219.51591,
,,,137140587.680131,
,,,148653329.359304,
,,,118978382.92633,
,,,149451115.007259,
,,,121427914.020787,
,,,131692115.673355,
,,,164652345.068914,
,,,131916995.385662,
,,,114782983.107258,
,,,102891717.165561,
,,,98556823.7028998,
,,,104854858.905228,
,,,101870932.88134,
,,,101487732.128259,
,,,115846057.641949,
,,,125632136.09625,
,,,102434253.548359,
,,,106102856.218519,
,,,119713579.898819,
,,,112661124.245855,
,,,104538333.456316,
,,,86017236.0333409,
,,,89292486.9892602,
,,,92836745.0513309,
,,,90986576.7395428,
,,,90219027.3732124,
,,,66565171.0581848,
,,,61657735.2971309,
,,,75903148.6452656,
,,,81645163.1796917,
,,,145826653.26544,
,,,61952233.6838046,
,,,51316114.0579652,
,,,72292282.5649115,
,,,71803693.8789457,
,,,69698035.9701239,
,,,64810309.0578307,
,,,65556437.1166159,
,,,94891786.5587215,
,,,52045488.0986579,
,,,58833703.6618919,
,,,113675911.920799,
,,,166405670.847877,
,,,118716552.201551,
,,,118624801.519222,
,,,83759886.6095014,
,,,71810752.5856991,
,,,62026473.044515,
,,,57432225.4530078,
,,,59334378.6637482,
,,,60781827.8810139,
,,,65482395.5199837,
,,,41758020.6080087,
,,,51959186.1061821,
,,,65532166.3475413,
,,,60865269.1124281,
,,,75659540.1991715,
,,,96778424.2874703,
,,,113417706.099418,
,,,76400844.1994015,
,,,120996894.035912,
,,,112774900.279282,
,,,80747174.205759,
,,,86614280.5977924,
,,,89213793.7691452,
,,,110193000.263348,
,,,106189645.222562,
,,,124583964.367481,
,,,138845141.479789,
,,,145122271.682759,
,,,188475505.922911,
,,,156870155.084416,
,,,134937261.049019,
,,,146497146.221586,
,,,152273796.630085,
,,,164389216.447786,
,,,141145279.382437,
,,,106656862.755591,
,,,155607936.664213,
,,,135902789.165296,
,,,133451985.855796,
,,,133676243.68878,
,,,145906857.017445,
,,,150564887.477744,
,,,143680078.249029,
,,,126899793.908408,
,,,108152732.107605,
,,,100216473.252551,
,,,101124198.971772,
,,,109758407.876286,
,,,102197698.386048,
,,,100092057.811712,
,,,96929512.1662714,
,,,135250724.182159,
,,,106259049.001009,
,,,125719617.230705,
,,,140007109.196335,
,,,112635716.278875,
,,,108297098.050924,
,,,151985291.397929,
,,,199341044.196724,
,,,110312282.849452,
,,,115596878.541669,
,,,140151761.901175,
,,,118316898.610848,
,,,126475262.521653,
,,,146341277.000593,
,,,146612113.91432,
,,,130652356.683881,
,,,122269184.191465,
,,,136337241.184086,
,,,159747274.024998,
,,,148032623.033097,
,,,174836442.53333,
,,,143918809.272859,
,,,133440621.897775,
,,,109300931.051493,
,,,126748552.629605,
,,,128899405.470594,
,,,118501640.30379,
,,,126496181.512781,
,,,148716587.031976,
,,,158229658.678737,
,,,136144802.172148,
,,,158426176.145046,
,,,145869304.093771,
,,,107481975.353396,
,,,97345360.0098016,
,,,113198866.147058,
,,,98767430.2884582,
,,,119263979.291179,
,,,125827599.68722,
,,,117293260.953838,
,,,127558964.685898,
,,,130989658.360207,
,,,110124030.374277,
,,,114264444.3,
,,,108020969.80716,
,,,113779663.781494,
,,,101994360.399025,
,,,101247964.097243,
,,,107540688.183038,
,,,116367363.552078,
,,,102455402.940132,
,,,95013548.0642153,
,,,97849931.5242058,
,,,110007751.151736,
,,,146559090.134678,
,,,146714146.514831,
,,,105952990.011255,
,,,90574302.7672694,
,,,93103078.7536069,
,,,106891678.486773,
,,,96201775.9960314,
,,,110256061.635256,
,,,138695139.348804,
,,,127093700.098483,
,,,98564078.8748806,
,,,122447899.240203,
,,,126280815.517583,
,,,96195506.1887504,
,,,124797980.462746,
,,,133001581.749567,
,,,86992617.7061344,
,,,80487573.233637,
,,,77806647.1947752,
,,,115135484.099101,
,,,91126914.0168635,
,,,78167576.0118065,
,,,76233559.9807106,
,,,78674214.8874523,
,,,71353732.5031753,
,,,66759857.4087069,
,,,68863746.1165445,
,,,67047716.7950384,
,,,82741303.0746335,
,,,90819941.9345327,
,,,91611439.9145945,
,,,93931827.1931743,
,,,94692775.5716602,
,,,110295490.299783,
,,,104360974.359514,
,,,79429170.4047021,
,,,77902720.3482829,
,,,63952400.7494064,
,,,57757848.7556245,
,,,69552238.6956492,
,,,64946265.3858586,
,,,56011062.7770893,
,,,68572680.2376854,
,,,72190680.9832166,
,,,63717398.8600321,
,,,54550212.9835676,
,,,54717589.9971656,
,,,75859953.1942327,
,,,66113216.3234945,
,,,72558344.7984064,
,,,68676379.5134558,
,,,71873036.8065045,
,,,64316629.7922412,
,,,60392361.4162671,
,,,82556416.2739523,
,,,85517277.3229529,
,,,72674399.1651886,
,,,68046486.3740978,
,,,63054727.9278226,
,,,61079906.1010347,
,,,54082128.3819963,
,,,63712363.3489618,
,,,64386024.8673313,
,,,64478705.0633582,
,,,95975516.8975552,
,,,85530135.2470907,
,,,68098223.7003915,
,,,76099631.5106772,
,,,74125362.1799975,
,,,55858558.6676323,
,,,88617288.3901006,
,,,93161220.3391928,
,,,95885590.0881856,
,,,89142316.5947771,
,,,93942130.5455744,
,,,87455835.9461897,
,,,67807824.6918886,
,,,97547876.6902487,
,,,85426392.2410172,
,,,51519231.6299903,
,,,52913522.3950064,
,,,49400376.1162926,
,,,55897245.8252291,
,,,70450704.7588735,
,,,62044444.8449597,
,,,82557919.7544515,
,,,73201966.3240688,
,,,60151560.2430708,
,,,86834240.8901225,
,,,119661659.812631,
,,,133640095.887228,
,,,93331669.8358994,
,,,72088890.3990279,
,,,77343249.5280526,
,,,111518764,
,,,125411756.437962,
,,,98801252.3122061,
,,,85392513.1386904,
,,,80729377.3152669,
,,,116231183.96339,
,,,216791739.075264,
,,,67833222.4146692,
,,,68854565.4555215,
,,,89731157.0164991,
,,,167105849.462458,
,,,69702888.5300335,
,,,84264769.8098889,
,,,92896329.7348936,
,,,76569014.1175395,
,,,64177486.5516122,
,,,83192010.556803,
,,,119998363.446003,
,,,109367601.12149,
,,,153441642.892662,
,,,173157305.633288,
,,,96380021.1737549,
,,,69274694.2458571,
,,,81919624.3692083,
,,,105150067.92232,
,,,89871232.4233135,
,,,101423062.278414,
,,,116665532.757999,
,,,103879636.849043,
,,,113688926.593192,
,,,104051391.309089,
,,,128552757.167851,
,,,132175687.299125,
,,,140380809.742668,
,,,149075408.724144,
,,,259444708.142113,
,,,215200058.963341,
,,,243693290.167113,
,,,294622244.364998,
,,,192100834.15757,
,,,26710283019.3199,
,,,20874120674.1193,
,,,209387763.935901,
,,,28959121742.041,
,,,524965378.405061,
,,,532663422.538569,
,,,502022873.413262,
,,,487697605.171759,
,,,435978522.352231,
,,,485295626.087269,
,,,493090146.580238,
,,,478896181.210754,
,,,407803150.484515,
,,,391456470.832516,
,,,415313750.410852,
,,,424972427.5213161,
,,,372311693.55258346,
,,,509313971.316893,
,,,457660051.9379861,
,,,515616519.3061173,
,,,690182930.7020558,
,,,854570165.2097627,
,,,765848017.6745967,
,,,596525983.3073426,
,,,681642870.1099824,
,,,764075575.4510685,
,,,796790444.9236224,
,,,965840605.5836946,
,,,834716513.8229641,
,,,869136720.2043983,
,,,732827430.0214826,
,,,823937833.0091082,
,,,1139231803.8043122,
,,,989515080.8280696,
,,,508090169.57150275,
,,,854391077.2345332,
,,,809567246.767477,
,,,918445382.7780788,
,,,629206956.7340268,
,,,738334532.3391634,
,,,1043640790.0814308,
,,,1429939003.6733398,
,,,1164629877.4163535,
,,,1019056588.6096945,
,,,905899376.2276268,
,,,945179739.4724189,
,,,1119665839.5883172,
,,,929589775.2505021,
,,,1178567841.8626053,
,,,1214131983.975419,
,,,1308805666.711284,
,,,1139362516.1237648,
,,,945308160.6900249,
,,,1256143677.1157923,
,,,1250890306.6645548,
,,,1576064011.1028607,
,,,1192785821.0341477,
,,,1133832828.877816,
,,,1212524313.8784533,
,,,1075666533.6410172,
,,,930648315.0808382,
,,,886282457.9237894,
,,,953628922.0161195,
,,,1095901979.7235456,
,,,936557124.5979813,
,,,788167676.0955019,
,,,716438616.1432674,
,,,850372671.7156388,
,,,727842488.1869099,
,,,1075626342.244296,
,,,967438281.8667916,
,,,982683690.2899345,
,,,1190447303.7016451,
,,,1419490754.08371,
,,,1179302983.9899075,
,,,1676850361.1136115,
,,,1543326329.0467298,
,,,1692582467.196581,
,,,1120096045.310006,
,,,888532372.9989505,
,,,990558821.0816221,
,,,960312531.2615312,
,,,867323872.7365448,
,,,952136002.6576316,
,,,886562180.9892114,
,,,938138556.8931231,
,,,780583418.7423186,
,,,912728955.8672398,
,,,1034799193.1492971,
,,,840892037.605563,
,,,913661144.8233123,
,,,542981596.5380135,
,,,621798045.1565442,
,,,872906517.3573184,
,,,812781072.4978408,
,,,924928956.747725,
,,,835723671.7379532,
,,,1165978078.7578783,
,,,1520827019.866152,
,,,1198875248.4194303,
,,,1058413017.1358495,
,,,1179117992.3460538,
,,,871086463.3302243,
,,,1085861191.8256655,
,,,1651914826.9563286,
,,,1214238106.0647452,
,,,1140842320.9925432,
,,,1298457221.8244305,
,,,1265534847.5726466,
,,,1460056395.1888118,
,,,1308264776.260857,
,,,1358681218.18934,
,,,1095354071.0755224,
,,,1946205728.9795938,
,,,1794461265.7647865,
,,,1234835529.4561667,
,,,1098283687.0358043,
,,,1316221596.5099485,
,,,1127011231.7326963,
,,,1621898149.3113444,
,,,1385625367.610986,
,,,1324637229.4283998,
,,,2265991619.0591006,
,,,2721315080.6387978,
,,,1801964024.5059788,
,,,1454995575.461174,
,,,1882208442.9061613,
,,,1453280078.4675028,
,,,1055855028.2021883,
,,,1232527498.0142918,
,,,1245369744.9326613,
,,,1413206281.6649146,
,,,1186398867.9573312,
,,,1459459068.2526367,
,,,1457964054.177263,
,,,1212584944.6594744,
,,,1287049710.7780106,
,,,981919976.6474481,
,,,984356371.4159508,
,,,936623910.3535928,
,,,1094419239,
,,,875293616.7,
,,,1034542155,
,,,975323837.6,
,,,988331547.5,
,,,1143502712,
,,,1008948639,
,,,990560199.8,
,,,1021414058,
,,,852533093.5,
,,,804302298,
,,,933249680.2,
,,,1266909007,
,,,1353006269,
,,,1371489332,
,,,1922969024,
,,,2507166376,
,,,1882616238,
,,,2055578928,
,,,1907158941,
,,,2434163823,
,,,897054224.4,
,,,992126854.4,
,,,991879039.6,
,,,858148415.6,
,,,999802848.6,
,,,1161680698,
,,,861035404,
,,,628245394.2,
,,,750516132.9,
,,,680010896.1,
,,,887720264.8,
,,,646909762.7,
,,,638715292.7,
,,,693978910.1,
,,,703916059,
,,,606923264.3,
,,,631648716.9,
,,,553596151.3,
,,,670914774.7,
,,,580254645.4,
,,,581568999.2,
,,,493136434.4,
,,,494597092.3,
,,,571389163.4,
,,,610191651.7,
,,,700492723.1,
,,,537410059.2,
,,,554826262.5,
,,,495146902.2,
,,,462247967.5,
,,,452804821.6,
,,,534299988.5,
,,,555009866.7,
,,,626403250.9,
,,,633189682.4,
,,,530304578,
,,,418168580.6,
,,,437526797.1,
,,,561911793,
,,,537098412.8,
,,,530500223.5,
,,,860549599.7,
,,,614730542.2,
,,,632524815.4,
,,,528312208.7,
,,,602319017,
,,,488580113.6,
,,,575073239.5,
,,,737672836.5,
,,,540134379.6,
,,,554909467.1,
,,,657263547.4,
,,,747027382.2,
,,,855161646.4,
,,,690349553.4,
,,,591323577.9,
,,,650241196.9,
,,,737981251.1,
,,,888937212.2,
,,,1064304406,
,,,1052097012,
,,,1801691135,
,,,1359514795,
,,,866564262.8,
,,,1057183278,
,,,808797431.4,
,,,725353196.1,
,,,717950424.9,
,,,602102806.8,
,,,916274318.5,
,,,576292235.8,
,,,562822278.6,
,,,549094538.3,
,,,411111120.5,
,,,528755187.9,
,,,593924460.6,
,,,547385085,
,,,709715623,
,,,1783650459,
,,,824972214.8,
,,,598455194.4,
,,,666267538.9,
,,,610337287.6,
,,,640553003.2,
,,,624563561.5,
,,,422174265.1,
,,,674489821.9,
,,,474889086.2,
,,,479550383.1,
,,,347828077,
,,,745701764.1,
,,,872530333.1,
,,,1171333242,
,,,663712169.6,
,,,715346434.1,
,,,470362122.9,
,,,429822334.8,
,,,366226752.4,
,,,320841925.5,
,,,483258612.1,
,,,648796097.3,
,,,314970460.6,
,,,282750686.3,
,,,303059899,
,,,301842320.7,
,,,366249437.9,
,,,403964499.9,
,,,338579838.6,
,,,231751973.1,
,,,262686064.6,
,,,365399076.3,
,,,370823881.5,
,,,314981208.6,
,,,241920363.7,
,,,191158126.9,
,,,172816270.6,
,,,187535188.8,
,,,248416883.9,
,,,222847776,
,,,194978103.8,
,,,277892539.6,
,,,264783505,
,,,223987999,
,,,342681698.3,
,,,394323769.8,
,,,308473089,
,,,245999720.5,
,,,299077901.1,
,,,215319242.9,
,,,152877054,
,,,190542502.1,
,,,234371956.6,
,,,209426116,
,,,199614267.4,
,,,151943393,
,,,136414129.7,
,,,169785753.5,
,,,170985179.3,
,,,167861959.5,
